{
  "02_Login" : {
    "transaction" : "02_Login",
    "sampleCount" : 4194,
    "errorCount" : 0,
    "errorPct" : 0.0,
    "meanResTime" : 411.41130185979995,
    "medianResTime" : 183.0,
    "minResTime" : 76.0,
    "maxResTime" : 2181.0,
    "pct1ResTime" : 1557.0,
    "pct2ResTime" : 1795.0,
    "pct3ResTime" : 1982.0,
    "throughput" : 7.021585431800717,
    "receivedKBytesPerSec" : 1.7554617563004247,
    "sentKBytesPerSec" : 1.583970932369107
  },
  "05_Place_Order" : {
    "transaction" : "05_Place_Order",
    "sampleCount" : 4187,
    "errorCount" : 0,
    "errorPct" : 0.0,
    "meanResTime" : 1465.7007403869145,
    "medianResTime" : 1795.0,
    "minResTime" : 70.0,
    "maxResTime" : 2513.0,
    "pct1ResTime" : 2182.0,
    "pct2ResTime" : 2225.2,
    "pct3ResTime" : 2371.3599999999997,
    "throughput" : 7.052145792629522,
    "receivedKBytesPerSec" : 1.418759184674594,
    "sentKBytesPerSec" : 2.286437893704103
  },
  "Total" : {
    "transaction" : "Total",
    "sampleCount" : 20949,
    "errorCount" : 0,
    "errorPct" : 0.0,
    "meanResTime" : 420.51864050789874,
    "medianResTime" : 89.0,
    "minResTime" : 16.0,
    "maxResTime" : 2513.0,
    "pct1ResTime" : 1878.0,
    "pct2ResTime" : 2079.0,
    "pct3ResTime" : 2243.9900000000016,
    "throughput" : 34.950824595210086,
    "receivedKBytesPerSec" : 95.12410702741143,
    "sentKBytesPerSec" : 8.095102493076237
  },
  "04_Add_To_Cart" : {
    "transaction" : "04_Add_To_Cart",
    "sampleCount" : 4187,
    "errorCount" : 0,
    "errorPct" : 0.0,
    "meanResTime" : 171.71507045617363,
    "medianResTime" : 93.0,
    "minResTime" : 79.0,
    "maxResTime" : 2261.0,
    "pct1ResTime" : 281.0,
    "pct2ResTime" : 383.0,
    "pct3ResTime" : 1308.0399999999927,
    "throughput" : 7.075802512949209,
    "receivedKBytesPerSec" : 1.3613288016384022,
    "sentKBytesPerSec" : 2.0246192737247246
  },
  "01_Homepage" : {
    "transaction" : "01_Homepage",
    "sampleCount" : 4194,
    "errorCount" : 0,
    "errorPct" : 0.0,
    "meanResTime" : 29.17119694802096,
    "medianResTime" : 21.0,
    "minResTime" : 16.0,
    "maxResTime" : 1076.0,
    "pct1ResTime" : 63.0,
    "pct2ResTime" : 66.0,
    "pct3ResTime" : 82.0,
    "throughput" : 7.03102603692546,
    "receivedKBytesPerSec" : 53.48906016344956,
    "sentKBytesPerSec" : 1.112330290997973
  },
  "03_View_Product" : {
    "transaction" : "03_View_Product",
    "sampleCount" : 4187,
    "errorCount" : 0,
    "errorPct" : 0.0,
    "meanResTime" : 25.26438977788388,
    "medianResTime" : 20.0,
    "minResTime" : 16.0,
    "maxResTime" : 256.0,
    "pct1ResTime" : 60.20000000000027,
    "pct2ResTime" : 64.0,
    "pct3ResTime" : 69.0,
    "throughput" : 7.076053634019138,
    "receivedKBytesPerSec" : 37.87870715941316,
    "sentKBytesPerSec" : 1.1609150493312645
  }
}