{
  "02_Login" : {
    "transaction" : "02_Login",
    "sampleCount" : 4186,
    "errorCount" : 5,
    "errorPct" : 0.11944577,
    "meanResTime" : 431.06115623506935,
    "medianResTime" : 193.0,
    "minResTime" : 75.0,
    "maxResTime" : 2116.0,
    "pct1ResTime" : 1572.0,
    "pct2ResTime" : 1764.6499999999996,
    "pct3ResTime" : 1961.3900000000003,
    "throughput" : 7.016391134473007,
    "receivedKBytesPerSec" : 1.7548491076771322,
    "sentKBytesPerSec" : 1.5827991719367822
  },
  "05_Place_Order" : {
    "transaction" : "05_Place_Order",
    "sampleCount" : 4178,
    "errorCount" : 0,
    "errorPct" : 0.0,
    "meanResTime" : 1447.342747726181,
    "medianResTime" : 1716.5,
    "minResTime" : 71.0,
    "maxResTime" : 2502.0,
    "pct1ResTime" : 2142.1,
    "pct2ResTime" : 2200.0,
    "pct3ResTime" : 2381.21,
    "throughput" : 7.044509565223256,
    "receivedKBytesPerSec" : 1.417223060820859,
    "sentKBytesPerSec" : 2.28378919488489
  },
  "Total" : {
    "transaction" : "Total",
    "sampleCount" : 20906,
    "errorCount" : 5,
    "errorPct" : 0.02391658,
    "meanResTime" : 421.575337223764,
    "medianResTime" : 90.0,
    "minResTime" : 16.0,
    "maxResTime" : 2502.0,
    "pct1ResTime" : 1800.0,
    "pct2ResTime" : 2008.0,
    "pct3ResTime" : 2201.0,
    "throughput" : 34.9260498614218,
    "receivedKBytesPerSec" : 94.26688333171144,
    "sentKBytesPerSec" : 8.088878841076117
  },
  "04_Add_To_Cart" : {
    "transaction" : "04_Add_To_Cart",
    "sampleCount" : 4178,
    "errorCount" : 0,
    "errorPct" : 0.0,
    "meanResTime" : 176.3312589755868,
    "medianResTime" : 102.0,
    "minResTime" : 80.0,
    "maxResTime" : 2289.0,
    "pct1ResTime" : 289.0,
    "pct2ResTime" : 376.0,
    "pct3ResTime" : 1027.250000000001,
    "throughput" : 7.070414764948478,
    "receivedKBytesPerSec" : 1.360292383354233,
    "sentKBytesPerSec" : 2.0228958725734585
  },
  "01_Homepage" : {
    "transaction" : "01_Homepage",
    "sampleCount" : 4186,
    "errorCount" : 0,
    "errorPct" : 0.0,
    "meanResTime" : 28.76564739608222,
    "medianResTime" : 20.0,
    "minResTime" : 16.0,
    "maxResTime" : 972.0,
    "pct1ResTime" : 63.0,
    "pct2ResTime" : 65.0,
    "pct3ResTime" : 88.13000000000011,
    "throughput" : 7.029446091067095,
    "receivedKBytesPerSec" : 52.672869904974014,
    "sentKBytesPerSec" : 1.112080338625849
  },
  "03_View_Product" : {
    "transaction" : "03_View_Product",
    "sampleCount" : 4178,
    "errorCount" : 0,
    "errorPct" : 0.0,
    "meanResTime" : 25.109861177597,
    "medianResTime" : 19.0,
    "minResTime" : 16.0,
    "maxResTime" : 173.0,
    "pct1ResTime" : 61.0,
    "pct2ResTime" : 64.0,
    "pct3ResTime" : 68.0,
    "throughput" : 7.0707498074921515,
    "receivedKBytesPerSec" : 37.85584037873275,
    "sentKBytesPerSec" : 1.1600448902916811
  }
}