{
  "02_Login" : {
    "transaction" : "02_Login",
    "sampleCount" : 3959,
    "errorCount" : 3945,
    "errorPct" : 99.64638,
    "meanResTime" : 24937.283152311204,
    "medianResTime" : 30679.0,
    "minResTime" : 83.0,
    "maxResTime" : 40561.0,
    "pct1ResTime" : 31039.0,
    "pct2ResTime" : 31660.0,
    "pct3ResTime" : 34967.40000000001,
    "throughput" : 12.813458824747874,
    "receivedKBytesPerSec" : 4.013359220252968,
    "sentKBytesPerSec" : 2.8905361215983976
  },
  "05_Place_Order" : {
    "transaction" : "05_Place_Order",
    "sampleCount" : 3807,
    "errorCount" : 3790,
    "errorPct" : 99.55345,
    "meanResTime" : 27953.52639873913,
    "medianResTime" : 30526.0,
    "minResTime" : 94.0,
    "maxResTime" : 42856.0,
    "pct1ResTime" : 32653.200000000004,
    "pct2ResTime" : 34033.4,
    "pct3ResTime" : 37920.68,
    "throughput" : 12.79556339803378,
    "receivedKBytesPerSec" : 3.274888927401059,
    "sentKBytesPerSec" : 4.07108646332241
  },
  "Total" : {
    "transaction" : "Total",
    "sampleCount" : 19429,
    "errorCount" : 11665,
    "errorPct" : 60.039116,
    "meanResTime" : 16143.807710123992,
    "medianResTime" : 16205.0,
    "minResTime" : 16.0,
    "maxResTime" : 42856.0,
    "pct1ResTime" : 31004.0,
    "pct2ResTime" : 31780.5,
    "pct3ResTime" : 35212.500000000044,
    "throughput" : 62.37719760109928,
    "receivedKBytesPerSec" : 173.9404618554078,
    "sentKBytesPerSec" : 14.25394482640717
  },
  "04_Add_To_Cart" : {
    "transaction" : "04_Add_To_Cart",
    "sampleCount" : 3845,
    "errorCount" : 3834,
    "errorPct" : 99.71391,
    "meanResTime" : 28096.016644993477,
    "medianResTime" : 30782.0,
    "minResTime" : 89.0,
    "maxResTime" : 41197.0,
    "pct1ResTime" : 31099.0,
    "pct2ResTime" : 32177.69999999999,
    "pct3ResTime" : 36013.24,
    "throughput" : 12.532471977131905,
    "receivedKBytesPerSec" : 3.652982838336001,
    "sentKBytesPerSec" : 3.5072415411925566
  },
  "01_Homepage" : {
    "transaction" : "01_Homepage",
    "sampleCount" : 3969,
    "errorCount" : 96,
    "errorPct" : 2.4187453,
    "meanResTime" : 98.02620307382173,
    "medianResTime" : 40.0,
    "minResTime" : 17.0,
    "maxResTime" : 2250.0,
    "pct1ResTime" : 65.0,
    "pct2ResTime" : 178.0,
    "pct3ResTime" : 1832.2000000000044,
    "throughput" : 13.250361388667251,
    "receivedKBytesPerSec" : 100.98293427045394,
    "sentKBytesPerSec" : 2.096248579066499
  },
  "03_View_Product" : {
    "transaction" : "03_View_Product",
    "sampleCount" : 3849,
    "errorCount" : 0,
    "errorPct" : 0.0,
    "meanResTime" : 24.424785658612652,
    "medianResTime" : 21.0,
    "minResTime" : 16.0,
    "maxResTime" : 741.0,
    "pct1ResTime" : 37.0,
    "pct2ResTime" : 63.0,
    "pct3ResTime" : 79.5,
    "throughput" : 13.01551446619145,
    "receivedKBytesPerSec" : 69.64206186025652,
    "sentKBytesPerSec" : 2.1353578421095345
  }
}