{
  "02_Login" : {
    "transaction" : "02_Login",
    "sampleCount" : 4185,
    "errorCount" : 1,
    "errorPct" : 0.023894863,
    "meanResTime" : 398.6540023894855,
    "medianResTime" : 196.0,
    "minResTime" : 74.0,
    "maxResTime" : 2311.0,
    "pct1ResTime" : 1476.0,
    "pct2ResTime" : 1738.8999999999987,
    "pct3ResTime" : 2026.0,
    "throughput" : 7.015150042074138,
    "receivedKBytesPerSec" : 1.7539888582109942,
    "sentKBytesPerSec" : 1.5825191989444587
  },
  "05_Place_Order" : {
    "transaction" : "05_Place_Order",
    "sampleCount" : 4179,
    "errorCount" : 0,
    "errorPct" : 0.0,
    "meanResTime" : 1493.7700406795866,
    "medianResTime" : 1764.0,
    "minResTime" : 78.0,
    "maxResTime" : 2592.0,
    "pct1ResTime" : 2179.0,
    "pct2ResTime" : 2275.0,
    "pct3ResTime" : 2397.2,
    "throughput" : 7.046884801392177,
    "receivedKBytesPerSec" : 1.4177338327616908,
    "sentKBytesPerSec" : 2.2846976001765515
  },
  "Total" : {
    "transaction" : "Total",
    "sampleCount" : 20907,
    "errorCount" : 1,
    "errorPct" : 0.004783087,
    "meanResTime" : 422.6330893958926,
    "medianResTime" : 95.0,
    "minResTime" : 21.0,
    "maxResTime" : 2592.0,
    "pct1ResTime" : 1797.0,
    "pct2ResTime" : 2007.0,
    "pct3ResTime" : 2276.0,
    "throughput" : 34.900375262082505,
    "receivedKBytesPerSec" : 95.17516979805875,
    "sentKBytesPerSec" : 8.083478455086237
  },
  "04_Add_To_Cart" : {
    "transaction" : "04_Add_To_Cart",
    "sampleCount" : 4179,
    "errorCount" : 0,
    "errorPct" : 0.0,
    "meanResTime" : 156.2538884900689,
    "medianResTime" : 98.0,
    "minResTime" : 85.0,
    "maxResTime" : 2372.0,
    "pct1ResTime" : 274.0,
    "pct2ResTime" : 340.0,
    "pct3ResTime" : 841.5999999999776,
    "throughput" : 7.06573381170893,
    "receivedKBytesPerSec" : 1.3593785796801399,
    "sentKBytesPerSec" : 2.0217019627531507
  },
  "01_Homepage" : {
    "transaction" : "01_Homepage",
    "sampleCount" : 4185,
    "errorCount" : 0,
    "errorPct" : 0.0,
    "meanResTime" : 35.43034647550764,
    "medianResTime" : 25.0,
    "minResTime" : 21.0,
    "maxResTime" : 1469.0,
    "pct1ResTime" : 70.0,
    "pct2ResTime" : 71.0,
    "pct3ResTime" : 105.0,
    "throughput" : 7.0178204008122895,
    "receivedKBytesPerSec" : 53.58981924500996,
    "sentKBytesPerSec" : 1.1102411180972567
  },
  "03_View_Product" : {
    "transaction" : "03_View_Product",
    "sampleCount" : 4179,
    "errorCount" : 0,
    "errorPct" : 0.0,
    "meanResTime" : 29.647523330940373,
    "medianResTime" : 24.0,
    "minResTime" : 21.0,
    "maxResTime" : 108.0,
    "pct1ResTime" : 67.0,
    "pct2ResTime" : 70.0,
    "pct3ResTime" : 72.0,
    "throughput" : 7.066104173888048,
    "receivedKBytesPerSec" : 37.817219547082,
    "sentKBytesPerSec" : 1.159282716028508
  }
}