{
  "02_Login" : {
    "transaction" : "02_Login",
    "sampleCount" : 50,
    "errorCount" : 0,
    "errorPct" : 0.0,
    "meanResTime" : 247.33999999999992,
    "medianResTime" : 196.0,
    "minResTime" : 162.0,
    "maxResTime" : 630.0,
    "pct1ResTime" : 384.2,
    "pct2ResTime" : 502.6999999999998,
    "pct3ResTime" : 630.0,
    "throughput" : 5.815982319413749,
    "receivedKBytesPerSec" : 1.4539955798534374,
    "sentKBytesPerSec" : 1.3120038240083751
  },
  "05_Place_Order" : {
    "transaction" : "05_Place_Order",
    "sampleCount" : 50,
    "errorCount" : 0,
    "errorPct" : 0.0,
    "meanResTime" : 286.8200000000001,
    "medianResTime" : 151.0,
    "minResTime" : 94.0,
    "maxResTime" : 907.0,
    "pct1ResTime" : 809.4,
    "pct2ResTime" : 874.8,
    "pct3ResTime" : 907.0,
    "throughput" : 6.016847172081829,
    "receivedKBytesPerSec" : 1.2104204271961492,
    "sentKBytesPerSec" : 1.9507746690734054
  },
  "Total" : {
    "transaction" : "Total",
    "sampleCount" : 250,
    "errorCount" : 0,
    "errorPct" : 0.0,
    "meanResTime" : 182.5280000000001,
    "medianResTime" : 116.5,
    "minResTime" : 32.0,
    "maxResTime" : 1319.0,
    "pct1ResTime" : 376.8,
    "pct2ResTime" : 671.3999999999996,
    "pct3ResTime" : 1151.5500000000018,
    "throughput" : 17.6242509693338,
    "receivedKBytesPerSec" : 38.463068932851606,
    "sentKBytesPerSec" : 4.0824925096933375
  },
  "04_Add_To_Cart" : {
    "transaction" : "04_Add_To_Cart",
    "sampleCount" : 50,
    "errorCount" : 0,
    "errorPct" : 0.0,
    "meanResTime" : 137.51999999999998,
    "medianResTime" : 115.5,
    "minResTime" : 100.0,
    "maxResTime" : 439.0,
    "pct1ResTime" : 163.7,
    "pct2ResTime" : 352.24999999999955,
    "pct3ResTime" : 439.0,
    "throughput" : 6.021194605009634,
    "receivedKBytesPerSec" : 1.1588447585500963,
    "sentKBytesPerSec" : 1.722861346941233
  },
  "01_Homepage" : {
    "transaction" : "01_Homepage",
    "sampleCount" : 50,
    "errorCount" : 0,
    "errorPct" : 0.0,
    "meanResTime" : 197.72,
    "medianResTime" : 92.0,
    "minResTime" : 85.0,
    "maxResTime" : 1319.0,
    "pct1ResTime" : 637.1999999999997,
    "pct2ResTime" : 1143.749999999999,
    "pct3ResTime" : 1319.0,
    "throughput" : 5.1287311519130165,
    "receivedKBytesPerSec" : 25.111549902554106,
    "sentKBytesPerSec" : 0.8113812955174889
  },
  "03_View_Product" : {
    "transaction" : "03_View_Product",
    "sampleCount" : 50,
    "errorCount" : 0,
    "errorPct" : 0.0,
    "meanResTime" : 43.23999999999999,
    "medianResTime" : 34.0,
    "minResTime" : 32.0,
    "maxResTime" : 80.0,
    "pct1ResTime" : 78.0,
    "pct2ResTime" : 78.89999999999999,
    "pct3ResTime" : 80.0,
    "throughput" : 6.045949214026602,
    "receivedKBytesPerSec" : 32.47938236850061,
    "sentKBytesPerSec" : 0.9919135429262395
  }
}