{
  "02_Login" : {
    "transaction" : "02_Login",
    "sampleCount" : 50,
    "errorCount" : 0,
    "errorPct" : 0.0,
    "meanResTime" : 163.56000000000003,
    "medianResTime" : 136.0,
    "minResTime" : 99.0,
    "maxResTime" : 423.0,
    "pct1ResTime" : 295.79999999999995,
    "pct2ResTime" : 324.49999999999994,
    "pct3ResTime" : 423.0,
    "throughput" : 5.684402000909504,
    "receivedKBytesPerSec" : 1.4215445941336973,
    "sentKBytesPerSec" : 1.2823211545020465
  },
  "05_Place_Order" : {
    "transaction" : "05_Place_Order",
    "sampleCount" : 50,
    "errorCount" : 0,
    "errorPct" : 0.0,
    "meanResTime" : 179.54,
    "medianResTime" : 105.5,
    "minResTime" : 38.0,
    "maxResTime" : 701.0,
    "pct1ResTime" : 565.6,
    "pct2ResTime" : 629.4999999999997,
    "pct3ResTime" : 701.0,
    "throughput" : 5.8349865795308675,
    "receivedKBytesPerSec" : 1.173835190804061,
    "sentKBytesPerSec" : 1.8918120550822732
  },
  "Total" : {
    "transaction" : "Total",
    "sampleCount" : 250,
    "errorCount" : 0,
    "errorPct" : 0.0,
    "meanResTime" : 127.03199999999998,
    "medianResTime" : 89.0,
    "minResTime" : 32.0,
    "maxResTime" : 1096.0,
    "pct1ResTime" : 213.0,
    "pct2ResTime" : 431.0999999999998,
    "pct3ResTime" : 905.5300000000018,
    "throughput" : 17.764513607617424,
    "receivedKBytesPerSec" : 55.96723890606125,
    "sentKBytesPerSec" : 4.114983034889504
  },
  "04_Add_To_Cart" : {
    "transaction" : "04_Add_To_Cart",
    "sampleCount" : 50,
    "errorCount" : 0,
    "errorPct" : 0.0,
    "meanResTime" : 81.10000000000002,
    "medianResTime" : 73.5,
    "minResTime" : 51.0,
    "maxResTime" : 343.0,
    "pct1ResTime" : 87.69999999999999,
    "pct2ResTime" : 168.49999999999937,
    "pct3ResTime" : 343.0,
    "throughput" : 5.832944470368642,
    "receivedKBytesPerSec" : 1.1221582623658424,
    "sentKBytesPerSec" : 1.6689968064629026
  },
  "01_Homepage" : {
    "transaction" : "01_Homepage",
    "sampleCount" : 50,
    "errorCount" : 0,
    "errorPct" : 0.0,
    "meanResTime" : 171.38,
    "medianResTime" : 99.0,
    "minResTime" : 83.0,
    "maxResTime" : 1096.0,
    "pct1ResTime" : 401.0999999999997,
    "pct2ResTime" : 897.6499999999992,
    "pct3ResTime" : 1096.0,
    "throughput" : 5.117707267144319,
    "receivedKBytesPerSec" : 36.3092334634084,
    "sentKBytesPerSec" : 0.8096372824974412
  },
  "03_View_Product" : {
    "transaction" : "03_View_Product",
    "sampleCount" : 50,
    "errorCount" : 0,
    "errorPct" : 0.0,
    "meanResTime" : 39.58,
    "medianResTime" : 39.0,
    "minResTime" : 32.0,
    "maxResTime" : 59.0,
    "pct1ResTime" : 45.9,
    "pct2ResTime" : 49.79999999999998,
    "pct3ResTime" : 59.0,
    "throughput" : 5.845218611176058,
    "receivedKBytesPerSec" : 46.84406144055413,
    "sentKBytesPerSec" : 0.958981178396072
  }
}