{
  "02_Login" : {
    "transaction" : "02_Login",
    "sampleCount" : 4744,
    "errorCount" : 0,
    "errorPct" : 0.0,
    "meanResTime" : 279.42664418212456,
    "medianResTime" : 115.0,
    "minResTime" : 40.0,
    "maxResTime" : 1860.0,
    "pct1ResTime" : 754.0,
    "pct2ResTime" : 1060.75,
    "pct3ResTime" : 1543.750000000001,
    "throughput" : 7.963285627478036,
    "receivedKBytesPerSec" : 1.990867306129917,
    "sentKBytesPerSec" : 1.7964052538549082
  },
  "05_Place_Order" : {
    "transaction" : "05_Place_Order",
    "sampleCount" : 4711,
    "errorCount" : 0,
    "errorPct" : 0.0,
    "meanResTime" : 602.8596900870292,
    "medianResTime" : 509.0,
    "minResTime" : 35.0,
    "maxResTime" : 2178.0,
    "pct1ResTime" : 1311.0,
    "pct2ResTime" : 1578.3999999999996,
    "pct3ResTime" : 1980.88,
    "throughput" : 7.951135370147208,
    "receivedKBytesPerSec" : 1.5995777752601714,
    "sentKBytesPerSec" : 2.5779071707899153
  },
  "Total" : {
    "transaction" : "Total",
    "sampleCount" : 23696,
    "errorCount" : 7,
    "errorPct" : 0.02954085,
    "meanResTime" : 254.3601873733963,
    "medianResTime" : 68.0,
    "minResTime" : 0.0,
    "maxResTime" : 2178.0,
    "pct1ResTime" : 759.0,
    "pct2ResTime" : 1081.9500000000007,
    "pct3ResTime" : 1680.9900000000016,
    "throughput" : 39.56672961677245,
    "receivedKBytesPerSec" : 300.750256634912,
    "sentKBytesPerSec" : 9.15587738170974
  },
  "04_Add_To_Cart" : {
    "transaction" : "04_Add_To_Cart",
    "sampleCount" : 4741,
    "errorCount" : 3,
    "errorPct" : 0.06327779,
    "meanResTime" : 312.7498418055259,
    "medianResTime" : 180.0,
    "minResTime" : 0.0,
    "maxResTime" : 1892.0,
    "pct1ResTime" : 747.8000000000002,
    "pct2ResTime" : 994.8999999999996,
    "pct3ResTime" : 1430.3199999999997,
    "throughput" : 7.977184008614889,
    "receivedKBytesPerSec" : 1.5440045976914791,
    "sentKBytesPerSec" : 2.281089759094427
  },
  "01_Homepage" : {
    "transaction" : "01_Homepage",
    "sampleCount" : 4757,
    "errorCount" : 0,
    "errorPct" : 0.0,
    "meanResTime" : 40.93378179524925,
    "medianResTime" : 36.0,
    "minResTime" : 25.0,
    "maxResTime" : 1198.0,
    "pct1ResTime" : 42.0,
    "pct2ResTime" : 96.0,
    "pct3ResTime" : 118.0,
    "throughput" : 7.943465635368711,
    "receivedKBytesPerSec" : 135.88673532454325,
    "sentKBytesPerSec" : 1.2566810868454406
  },
  "03_View_Product" : {
    "transaction" : "03_View_Product",
    "sampleCount" : 4743,
    "errorCount" : 4,
    "errorPct" : 0.084334806,
    "meanResTime" : 38.83154121863795,
    "medianResTime" : 36.0,
    "minResTime" : 0.0,
    "maxResTime" : 259.0,
    "pct1ResTime" : 42.0,
    "pct2ResTime" : 46.0,
    "pct3ResTime" : 113.0,
    "throughput" : 7.9667154893239625,
    "receivedKBytesPerSec" : 160.72390098368277,
    "sentKBytesPerSec" : 1.3059369709012485
  }
}