{
  "02_Login" : {
    "transaction" : "02_Login",
    "sampleCount" : 3819,
    "errorCount" : 3787,
    "errorPct" : 99.16209,
    "meanResTime" : 25118.545954438352,
    "medianResTime" : 30708.0,
    "minResTime" : 81.0,
    "maxResTime" : 37452.0,
    "pct1ResTime" : 31017.0,
    "pct2ResTime" : 31175.0,
    "pct3ResTime" : 33882.0,
    "throughput" : 11.943556609143279,
    "receivedKBytesPerSec" : 3.7643929004797436,
    "sentKBytesPerSec" : 2.6942984147579074
  },
  "05_Place_Order" : {
    "transaction" : "05_Place_Order",
    "sampleCount" : 3593,
    "errorCount" : 3582,
    "errorPct" : 99.69385,
    "meanResTime" : 29403.51683829671,
    "medianResTime" : 30676.0,
    "minResTime" : 76.0,
    "maxResTime" : 40781.0,
    "pct1ResTime" : 31061.6,
    "pct2ResTime" : 32142.8,
    "pct3ResTime" : 34953.799999999996,
    "throughput" : 11.55926172574984,
    "receivedKBytesPerSec" : 3.138542239723581,
    "sentKBytesPerSec" : 3.673967160420547
  },
  "Total" : {
    "transaction" : "Total",
    "sampleCount" : 18765,
    "errorCount" : 11231,
    "errorPct" : 59.850784,
    "meanResTime" : 16400.560085265028,
    "medianResTime" : 22949.0,
    "minResTime" : 17.0,
    "maxResTime" : 40781.0,
    "pct1ResTime" : 30936.0,
    "pct2ResTime" : 31040.7,
    "pct3ResTime" : 33146.08,
    "throughput" : 58.214205941478674,
    "receivedKBytesPerSec" : 162.84037600843354,
    "sentKBytesPerSec" : 13.275956135952585
  },
  "04_Add_To_Cart" : {
    "transaction" : "04_Add_To_Cart",
    "sampleCount" : 3766,
    "errorCount" : 3746,
    "errorPct" : 99.46893,
    "meanResTime" : 28050.58337758897,
    "medianResTime" : 30740.0,
    "minResTime" : 87.0,
    "maxResTime" : 37969.0,
    "pct1ResTime" : 30987.3,
    "pct2ResTime" : 31043.0,
    "pct3ResTime" : 32886.96,
    "throughput" : 11.833166801777175,
    "receivedKBytesPerSec" : 3.438953959916169,
    "sentKBytesPerSec" : 3.3103854125426544
  },
  "01_Homepage" : {
    "transaction" : "01_Homepage",
    "sampleCount" : 3819,
    "errorCount" : 114,
    "errorPct" : 2.9850745,
    "meanResTime" : 115.7653836082746,
    "medianResTime" : 47.0,
    "minResTime" : 18.0,
    "maxResTime" : 2451.0,
    "pct1ResTime" : 89.0,
    "pct2ResTime" : 298.0,
    "pct3ResTime" : 1971.2000000000007,
    "throughput" : 12.771293850115374,
    "receivedKBytesPerSec" : 97.10412625823497,
    "sentKBytesPerSec" : 2.0204585973815337
  },
  "03_View_Product" : {
    "transaction" : "03_View_Product",
    "sampleCount" : 3768,
    "errorCount" : 2,
    "errorPct" : 0.053078555,
    "meanResTime" : 26.895435244161398,
    "medianResTime" : 20.0,
    "minResTime" : 17.0,
    "maxResTime" : 1093.0,
    "pct1ResTime" : 46.0,
    "pct2ResTime" : 65.0,
    "pct3ResTime" : 89.30999999999995,
    "throughput" : 12.721477960242005,
    "receivedKBytesPerSec" : 68.13099101997184,
    "sentKBytesPerSec" : 2.087117477852204
  }
}