{
  "02_Login" : {
    "transaction" : "02_Login",
    "sampleCount" : 4838,
    "errorCount" : 2,
    "errorPct" : 0.041339397,
    "meanResTime" : 281.76560562215684,
    "medianResTime" : 175.0,
    "minResTime" : 32.0,
    "maxResTime" : 1540.0,
    "pct1ResTime" : 663.0,
    "pct2ResTime" : 866.0,
    "pct3ResTime" : 1275.0,
    "throughput" : 8.102183302267706,
    "receivedKBytesPerSec" : 2.025889269254408,
    "sentKBytesPerSec" : 1.8277386160389064
  },
  "05_Place_Order" : {
    "transaction" : "05_Place_Order",
    "sampleCount" : 4798,
    "errorCount" : 0,
    "errorPct" : 0.0,
    "meanResTime" : 499.69132972071714,
    "medianResTime" : 438.0,
    "minResTime" : 38.0,
    "maxResTime" : 1778.0,
    "pct1ResTime" : 1047.5000000000018,
    "pct2ResTime" : 1244.7500000000027,
    "pct3ResTime" : 1505.0100000000002,
    "throughput" : 8.067757052561488,
    "receivedKBytesPerSec" : 1.6230517913682736,
    "sentKBytesPerSec" : 2.615649139795162
  },
  "Total" : {
    "transaction" : "Total",
    "sampleCount" : 24117,
    "errorCount" : 3,
    "errorPct" : 0.012439358,
    "meanResTime" : 232.89409959779536,
    "medianResTime" : 64.0,
    "minResTime" : 25.0,
    "maxResTime" : 1778.0,
    "pct1ResTime" : 681.0,
    "pct2ResTime" : 900.0,
    "pct3ResTime" : 1321.9900000000016,
    "throughput" : 40.2474558507922,
    "receivedKBytesPerSec" : 306.12254253929706,
    "sentKBytesPerSec" : 9.314633561992464
  },
  "04_Add_To_Cart" : {
    "transaction" : "04_Add_To_Cart",
    "sampleCount" : 4810,
    "errorCount" : 1,
    "errorPct" : 0.02079002,
    "meanResTime" : 307.4571725571725,
    "medianResTime" : 239.5,
    "minResTime" : 43.0,
    "maxResTime" : 1457.0,
    "pct1ResTime" : 697.0,
    "pct2ResTime" : 823.0,
    "pct3ResTime" : 1057.0,
    "throughput" : 8.074425725355376,
    "receivedKBytesPerSec" : 1.5536528592867647,
    "sentKBytesPerSec" : 2.3102860115610335
  },
  "01_Homepage" : {
    "transaction" : "01_Homepage",
    "sampleCount" : 4839,
    "errorCount" : 0,
    "errorPct" : 0.0,
    "meanResTime" : 39.46993180409184,
    "medianResTime" : 35.0,
    "minResTime" : 25.0,
    "maxResTime" : 294.0,
    "pct1ResTime" : 42.0,
    "pct2ResTime" : 94.0,
    "pct3ResTime" : 115.0,
    "throughput" : 8.088726932334849,
    "receivedKBytesPerSec" : 138.36951509584364,
    "sentKBytesPerSec" : 1.2796618779670366
  },
  "03_View_Product" : {
    "transaction" : "03_View_Product",
    "sampleCount" : 4832,
    "errorCount" : 0,
    "errorPct" : 0.0,
    "meanResTime" : 38.522764900662345,
    "medianResTime" : 36.0,
    "minResTime" : 26.0,
    "maxResTime" : 125.0,
    "pct1ResTime" : 42.0,
    "pct2ResTime" : 44.349999999999454,
    "pct3ResTime" : 112.0,
    "throughput" : 8.102637884862723,
    "receivedKBytesPerSec" : 163.5878998183111,
    "sentKBytesPerSec" : 1.3293390279852904
  }
}