{
  "02_Login" : {
    "transaction" : "02_Login",
    "sampleCount" : 4241,
    "errorCount" : 1,
    "errorPct" : 0.023579344,
    "meanResTime" : 463.64630983258655,
    "medianResTime" : 229.0,
    "minResTime" : 76.0,
    "maxResTime" : 2077.0,
    "pct1ResTime" : 1431.8000000000002,
    "pct2ResTime" : 1573.8999999999996,
    "pct3ResTime" : 1790.58,
    "throughput" : 7.106173708330192,
    "receivedKBytesPerSec" : 1.7767839657635243,
    "sentKBytesPerSec" : 1.603052858031518
  },
  "05_Place_Order" : {
    "transaction" : "05_Place_Order",
    "sampleCount" : 4229,
    "errorCount" : 1,
    "errorPct" : 0.023646252,
    "meanResTime" : 1201.9947978245461,
    "medianResTime" : 1394.0,
    "minResTime" : 80.0,
    "maxResTime" : 2375.0,
    "pct1ResTime" : 1902.0,
    "pct2ResTime" : 1998.0,
    "pct3ResTime" : 2144.3999999999996,
    "throughput" : 7.128072706678712,
    "receivedKBytesPerSec" : 1.4342525125866359,
    "sentKBytesPerSec" : 2.31102025649853
  },
  "Total" : {
    "transaction" : "Total",
    "sampleCount" : 21209,
    "errorCount" : 2,
    "errorPct" : 0.009429959,
    "meanResTime" : 401.9052760620487,
    "medianResTime" : 141.0,
    "minResTime" : 21.0,
    "maxResTime" : 2375.0,
    "pct1ResTime" : 1502.0,
    "pct2ResTime" : 1800.0,
    "pct3ResTime" : 1999.0,
    "throughput" : 35.41124731606487,
    "receivedKBytesPerSec" : 96.94399008540591,
    "sentKBytesPerSec" : 8.19613569431273
  },
  "04_Add_To_Cart" : {
    "transaction" : "04_Add_To_Cart",
    "sampleCount" : 4229,
    "errorCount" : 0,
    "errorPct" : 0.0,
    "meanResTime" : 284.76519271695446,
    "medianResTime" : 261.0,
    "minResTime" : 87.0,
    "maxResTime" : 1872.0,
    "pct1ResTime" : 545.0,
    "pct2ResTime" : 606.0,
    "pct3ResTime" : 752.3999999999996,
    "throughput" : 7.133916552238353,
    "receivedKBytesPerSec" : 1.3724956462064906,
    "sentKBytesPerSec" : 2.041211365156494
  },
  "01_Homepage" : {
    "transaction" : "01_Homepage",
    "sampleCount" : 4279,
    "errorCount" : 0,
    "errorPct" : 0.0,
    "meanResTime" : 33.64547791540076,
    "medianResTime" : 25.0,
    "minResTime" : 21.0,
    "maxResTime" : 306.0,
    "pct1ResTime" : 70.0,
    "pct2ResTime" : 71.0,
    "pct3ResTime" : 104.0,
    "throughput" : 7.144359812600387,
    "receivedKBytesPerSec" : 54.582976731889495,
    "sentKBytesPerSec" : 1.1302600484777956
  },
  "03_View_Product" : {
    "transaction" : "03_View_Product",
    "sampleCount" : 4231,
    "errorCount" : 0,
    "errorPct" : 0.0,
    "meanResTime" : 29.829354762467457,
    "medianResTime" : 24.0,
    "minResTime" : 21.0,
    "maxResTime" : 162.0,
    "pct1ResTime" : 67.0,
    "pct2ResTime" : 70.0,
    "pct3ResTime" : 73.0,
    "throughput" : 7.0933400393981305,
    "receivedKBytesPerSec" : 37.96724866664571,
    "sentKBytesPerSec" : 1.1637511002137557
  }
}