{
  "02_Login" : {
    "transaction" : "02_Login",
    "sampleCount" : 3739,
    "errorCount" : 3727,
    "errorPct" : 99.67906,
    "meanResTime" : 26832.375768922146,
    "medianResTime" : 22991.0,
    "minResTime" : 96.0,
    "maxResTime" : 136314.0,
    "pct1ResTime" : 31033.0,
    "pct2ResTime" : 39501.0,
    "pct3ResTime" : 134919.0,
    "throughput" : 11.927928387767732,
    "receivedKBytesPerSec" : 4.075825807264583,
    "sentKBytesPerSec" : 2.621686467790765
  },
  "05_Place_Order" : {
    "transaction" : "05_Place_Order",
    "sampleCount" : 3512,
    "errorCount" : 3498,
    "errorPct" : 99.601364,
    "meanResTime" : 27283.047266514746,
    "medianResTime" : 23672.5,
    "minResTime" : 86.0,
    "maxResTime" : 136203.0,
    "pct1ResTime" : 32315.4,
    "pct2ResTime" : 39611.95,
    "pct3ResTime" : 135164.35,
    "throughput" : 2.7453564624925053,
    "receivedKBytesPerSec" : 0.7659175417881244,
    "sentKBytesPerSec" : 0.8565734644237136
  },
  "Total" : {
    "transaction" : "Total",
    "sampleCount" : 18238,
    "errorCount" : 12407,
    "errorPct" : 68.02829,
    "meanResTime" : 20150.923017874782,
    "medianResTime" : 18399.5,
    "minResTime" : 17.0,
    "maxResTime" : 1049683.0,
    "pct1ResTime" : 31032.0,
    "pct2ResTime" : 68133.0,
    "pct3ResTime" : 135352.54,
    "throughput" : 14.099882024235283,
    "receivedKBytesPerSec" : 37.81649544090543,
    "sentKBytesPerSec" : 3.1475565352079573
  },
  "04_Add_To_Cart" : {
    "transaction" : "04_Add_To_Cart",
    "sampleCount" : 3619,
    "errorCount" : 3601,
    "errorPct" : 99.502625,
    "meanResTime" : 24872.448466427177,
    "medianResTime" : 26946.0,
    "minResTime" : 88.0,
    "maxResTime" : 134608.0,
    "pct1ResTime" : 30972.0,
    "pct2ResTime" : 31062.0,
    "pct3ResTime" : 31226.6,
    "throughput" : 2.804569767063393,
    "receivedKBytesPerSec" : 0.7565859305859296,
    "sentKBytesPerSec" : 0.7912024471789236
  },
  "01_Homepage" : {
    "transaction" : "01_Homepage",
    "sampleCount" : 3739,
    "errorCount" : 1297,
    "errorPct" : 34.68842,
    "meanResTime" : 20860.700989569403,
    "medianResTime" : 43.0,
    "minResTime" : 17.0,
    "maxResTime" : 136525.0,
    "pct1ResTime" : 72576.0,
    "pct2ResTime" : 134619.0,
    "pct3ResTime" : 136204.0,
    "throughput" : 12.510749072317417,
    "receivedKBytesPerSec" : 87.92630711019765,
    "sentKBytesPerSec" : 1.800319303911826
  },
  "03_View_Product" : {
    "transaction" : "03_View_Product",
    "sampleCount" : 3629,
    "errorCount" : 284,
    "errorPct" : 7.825847,
    "meanResTime" : 924.9564618352158,
    "medianResTime" : 21.0,
    "minResTime" : 17.0,
    "maxResTime" : 1049683.0,
    "pct1ResTime" : 81.0,
    "pct2ResTime" : 2077.5,
    "pct3ResTime" : 6657.7,
    "throughput" : 2.8127749121250054,
    "receivedKBytesPerSec" : 15.03928503349326,
    "sentKBytesPerSec" : 0.46096223603591735
  }
}