{
  "02_Login" : {
    "transaction" : "02_Login",
    "sampleCount" : 4325,
    "errorCount" : 1,
    "errorPct" : 0.023121387,
    "meanResTime" : 292.79260115606945,
    "medianResTime" : 170.0,
    "minResTime" : 74.0,
    "maxResTime" : 2534.0,
    "pct1ResTime" : 382.0,
    "pct2ResTime" : 1681.6999999999998,
    "pct3ResTime" : 1978.7399999999998,
    "throughput" : 7.2769305318132265,
    "receivedKBytesPerSec" : 1.8194347333993444,
    "sentKBytesPerSec" : 1.6415731961414601
  },
  "05_Place_Order" : {
    "transaction" : "05_Place_Order",
    "sampleCount" : 4325,
    "errorCount" : 1,
    "errorPct" : 0.023121387,
    "meanResTime" : 1380.0714450867015,
    "medianResTime" : 1748.0,
    "minResTime" : 65.0,
    "maxResTime" : 3175.0,
    "pct1ResTime" : 2176.0,
    "pct2ResTime" : 2224.7,
    "pct3ResTime" : 2374.4799999999996,
    "throughput" : 7.262658015287685,
    "receivedKBytesPerSec" : 1.4613131090347466,
    "sentKBytesPerSec" : 2.3546554661157124
  },
  "Total" : {
    "transaction" : "Total",
    "sampleCount" : 21625,
    "errorCount" : 3,
    "errorPct" : 0.013872832,
    "meanResTime" : 377.614104046242,
    "medianResTime" : 86.0,
    "minResTime" : 16.0,
    "maxResTime" : 3175.0,
    "pct1ResTime" : 1816.0,
    "pct2ResTime" : 2006.0,
    "pct3ResTime" : 2258.9900000000016,
    "throughput" : 36.03680169843738,
    "receivedKBytesPerSec" : 97.93613409064776,
    "sentKBytesPerSec" : 8.347517290894896
  },
  "04_Add_To_Cart" : {
    "transaction" : "04_Add_To_Cart",
    "sampleCount" : 4325,
    "errorCount" : 1,
    "errorPct" : 0.023121387,
    "meanResTime" : 163.1061271676295,
    "medianResTime" : 89.0,
    "minResTime" : 79.0,
    "maxResTime" : 2292.0,
    "pct1ResTime" : 291.0,
    "pct2ResTime" : 528.3999999999996,
    "pct3ResTime" : 1705.0999999999967,
    "throughput" : 7.277726455082545,
    "receivedKBytesPerSec" : 1.4004085596790397,
    "sentKBytesPerSec" : 2.0823601871974273
  },
  "01_Homepage" : {
    "transaction" : "01_Homepage",
    "sampleCount" : 4325,
    "errorCount" : 0,
    "errorPct" : 0.0,
    "meanResTime" : 27.43514450867052,
    "medianResTime" : 20.0,
    "minResTime" : 16.0,
    "maxResTime" : 286.0,
    "pct1ResTime" : 62.0,
    "pct2ResTime" : 65.0,
    "pct3ResTime" : 80.73999999999978,
    "throughput" : 7.27604909692875,
    "receivedKBytesPerSec" : 55.242213313151055,
    "sentKBytesPerSec" : 1.151093704787556
  },
  "03_View_Product" : {
    "transaction" : "03_View_Product",
    "sampleCount" : 4325,
    "errorCount" : 0,
    "errorPct" : 0.0,
    "meanResTime" : 24.665202312138756,
    "medianResTime" : 19.0,
    "minResTime" : 17.0,
    "maxResTime" : 125.0,
    "pct1ResTime" : 60.0,
    "pct2ResTime" : 64.0,
    "pct3ResTime" : 67.0,
    "throughput" : 7.278792040283275,
    "receivedKBytesPerSec" : 38.95866118138161,
    "sentKBytesPerSec" : 1.1941768191089748
  }
}