{
  "02_Login" : {
    "transaction" : "02_Login",
    "sampleCount" : 1600,
    "errorCount" : 1559,
    "errorPct" : 97.4375,
    "meanResTime" : 13656.84500000001,
    "medianResTime" : 16721.5,
    "minResTime" : 85.0,
    "maxResTime" : 21109.0,
    "pct1ResTime" : 20005.7,
    "pct2ResTime" : 20570.9,
    "pct3ResTime" : 20986.93,
    "throughput" : 15.688735487919672,
    "receivedKBytesPerSec" : 3.9221838719799185,
    "sentKBytesPerSec" : 3.5391581032318795
  },
  "05_Place_Order" : {
    "transaction" : "05_Place_Order",
    "sampleCount" : 1600,
    "errorCount" : 1586,
    "errorPct" : 99.125,
    "meanResTime" : 15359.366875000012,
    "medianResTime" : 16923.0,
    "minResTime" : 82.0,
    "maxResTime" : 21235.0,
    "pct1ResTime" : 20700.9,
    "pct2ResTime" : 20961.0,
    "pct3ResTime" : 21125.92,
    "throughput" : 13.32345177326816,
    "receivedKBytesPerSec" : 2.6803037747004304,
    "sentKBytesPerSec" : 4.319712879614286
  },
  "Total" : {
    "transaction" : "Total",
    "sampleCount" : 8000,
    "errorCount" : 4732,
    "errorPct" : 59.15,
    "meanResTime" : 8997.840249999974,
    "medianResTime" : 8717.0,
    "minResTime" : 17.0,
    "maxResTime" : 24614.0,
    "pct1ResTime" : 20312.9,
    "pct2ResTime" : 20758.95,
    "pct3ResTime" : 21054.0,
    "throughput" : 64.45998646340284,
    "receivedKBytesPerSec" : 140.34959722580334,
    "sentKBytesPerSec" : 14.931551551874174
  },
  "04_Add_To_Cart" : {
    "transaction" : "04_Add_To_Cart",
    "sampleCount" : 1600,
    "errorCount" : 1582,
    "errorPct" : 98.875,
    "meanResTime" : 15885.451249999986,
    "medianResTime" : 17090.5,
    "minResTime" : 84.0,
    "maxResTime" : 24614.0,
    "pct1ResTime" : 20904.9,
    "pct2ResTime" : 21004.9,
    "pct3ResTime" : 21103.98,
    "throughput" : 13.884549967024194,
    "receivedKBytesPerSec" : 2.6711487729528964,
    "sentKBytesPerSec" : 3.9728253323614147
  },
  "01_Homepage" : {
    "transaction" : "01_Homepage",
    "sampleCount" : 1600,
    "errorCount" : 4,
    "errorPct" : 0.25,
    "meanResTime" : 48.376250000000006,
    "medianResTime" : 49.0,
    "minResTime" : 18.0,
    "maxResTime" : 1252.0,
    "pct1ResTime" : 62.0,
    "pct2ResTime" : 69.0,
    "pct3ResTime" : 346.9000000000001,
    "throughput" : 18.752051005578735,
    "receivedKBytesPerSec" : 91.73928203084712,
    "sentKBytesPerSec" : 2.9666330692419485
  },
  "03_View_Product" : {
    "transaction" : "03_View_Product",
    "sampleCount" : 1600,
    "errorCount" : 1,
    "errorPct" : 0.0625,
    "meanResTime" : 39.161875,
    "medianResTime" : 23.0,
    "minResTime" : 17.0,
    "maxResTime" : 2474.0,
    "pct1ResTime" : 60.0,
    "pct2ResTime" : 67.0,
    "pct3ResTime" : 106.0,
    "throughput" : 15.712307646983728,
    "receivedKBytesPerSec" : 84.07319787196433,
    "sentKBytesPerSec" : 2.577800473333268
  }
}