{
  "02_Login" : {
    "transaction" : "02_Login",
    "sampleCount" : 3525,
    "errorCount" : 3515,
    "errorPct" : 99.71631,
    "meanResTime" : 28572.656737588648,
    "medianResTime" : 30774.0,
    "minResTime" : 89.0,
    "maxResTime" : 136445.0,
    "pct1ResTime" : 31079.4,
    "pct2ResTime" : 31112.0,
    "pct3ResTime" : 41261.53999999979,
    "throughput" : 10.752327383203797,
    "receivedKBytesPerSec" : 3.53034749081858,
    "sentKBytesPerSec" : 2.4186927924709303
  },
  "05_Place_Order" : {
    "transaction" : "05_Place_Order",
    "sampleCount" : 3267,
    "errorCount" : 3263,
    "errorPct" : 99.87756,
    "meanResTime" : 30904.568411386597,
    "medianResTime" : 30729.0,
    "minResTime" : 224.0,
    "maxResTime" : 99243.0,
    "pct1ResTime" : 31143.0,
    "pct2ResTime" : 37135.6,
    "pct3ResTime" : 63443.84000000001,
    "throughput" : 10.041308597351824,
    "receivedKBytesPerSec" : 2.739313100496072,
    "sentKBytesPerSec" : 3.1871278595599897
  },
  "Total" : {
    "transaction" : "Total",
    "sampleCount" : 17211,
    "errorCount" : 11269,
    "errorPct" : 65.47557,
    "meanResTime" : 23447.979838475454,
    "medianResTime" : 28581.0,
    "minResTime" : 18.0,
    "maxResTime" : 136485.0,
    "pct1ResTime" : 31107.0,
    "pct2ResTime" : 66162.39999999892,
    "pct3ResTime" : 135133.0,
    "throughput" : 50.19613561793656,
    "receivedKBytesPerSec" : 131.83972555140357,
    "sentKBytesPerSec" : 11.15207175082027
  },
  "04_Add_To_Cart" : {
    "transaction" : "04_Add_To_Cart",
    "sampleCount" : 3446,
    "errorCount" : 3433,
    "errorPct" : 99.62275,
    "meanResTime" : 30078.274811375504,
    "medianResTime" : 30755.0,
    "minResTime" : 84.0,
    "maxResTime" : 98471.0,
    "pct1ResTime" : 31093.0,
    "pct2ResTime" : 31144.0,
    "pct3ResTime" : 31264.12,
    "throughput" : 10.55358871017138,
    "receivedKBytesPerSec" : 3.1959748747412133,
    "sentKBytesPerSec" : 2.945640337693401
  },
  "01_Homepage" : {
    "transaction" : "01_Homepage",
    "sampleCount" : 3526,
    "errorCount" : 1024,
    "errorPct" : 29.041407,
    "meanResTime" : 27771.934486670452,
    "medianResTime" : 53.0,
    "minResTime" : 18.0,
    "maxResTime" : 136485.0,
    "pct1ResTime" : 133990.3,
    "pct2ResTime" : 135126.3,
    "pct3ResTime" : 136318.73,
    "throughput" : 11.777595179402905,
    "receivedKBytesPerSec" : 79.03925641509008,
    "sentKBytesPerSec" : 1.5588753457121671
  },
  "03_View_Product" : {
    "transaction" : "03_View_Product",
    "sampleCount" : 3447,
    "errorCount" : 34,
    "errorPct" : 0.98636496,
    "meanResTime" : 88.70467072816948,
    "medianResTime" : 21.0,
    "minResTime" : 18.0,
    "maxResTime" : 133472.0,
    "pct1ResTime" : 51.0,
    "pct2ResTime" : 67.0,
    "pct3ResTime" : 630.1599999999853,
    "throughput" : 11.582427773633595,
    "receivedKBytesPerSec" : 61.99278838884297,
    "sentKBytesPerSec" : 1.8996907824439024
  }
}