{
  "02_Login" : {
    "transaction" : "02_Login",
    "sampleCount" : 4320,
    "errorCount" : 2,
    "errorPct" : 0.046296295,
    "meanResTime" : 260.08124999999933,
    "medianResTime" : 173.0,
    "minResTime" : 69.0,
    "maxResTime" : 2342.0,
    "pct1ResTime" : 370.0,
    "pct2ResTime" : 1203.9999999999964,
    "pct3ResTime" : 1960.79,
    "throughput" : 7.2535797759449805,
    "receivedKBytesPerSec" : 1.8137392843890203,
    "sentKBytesPerSec" : 1.6363055939875883
  },
  "05_Place_Order" : {
    "transaction" : "05_Place_Order",
    "sampleCount" : 4274,
    "errorCount" : 0,
    "errorPct" : 0.0,
    "meanResTime" : 1436.4819840898433,
    "medianResTime" : 1700.0,
    "minResTime" : 73.0,
    "maxResTime" : 2663.0,
    "pct1ResTime" : 2194.0,
    "pct2ResTime" : 2289.0,
    "pct3ResTime" : 2399.5,
    "throughput" : 7.201784775487646,
    "receivedKBytesPerSec" : 1.4488821141636223,
    "sentKBytesPerSec" : 2.334884545439993
  },
  "Total" : {
    "transaction" : "Total",
    "sampleCount" : 21552,
    "errorCount" : 4,
    "errorPct" : 0.018559763,
    "meanResTime" : 379.62731997030585,
    "medianResTime" : 87.0,
    "minResTime" : 15.0,
    "maxResTime" : 6104.0,
    "pct1ResTime" : 1789.0,
    "pct2ResTime" : 2001.0,
    "pct3ResTime" : 2292.0,
    "throughput" : 35.97924582479149,
    "receivedKBytesPerSec" : 98.94121258474372,
    "sentKBytesPerSec" : 8.32682348183342
  },
  "04_Add_To_Cart" : {
    "transaction" : "04_Add_To_Cart",
    "sampleCount" : 4318,
    "errorCount" : 2,
    "errorPct" : 0.04631774,
    "meanResTime" : 157.6097730430758,
    "medianResTime" : 89.0,
    "minResTime" : 65.0,
    "maxResTime" : 2360.0,
    "pct1ResTime" : 181.0,
    "pct2ResTime" : 519.7000000000062,
    "pct3ResTime" : 1464.0,
    "throughput" : 7.251159127509903,
    "receivedKBytesPerSec" : 1.3955494027197723,
    "sentKBytesPerSec" : 2.074722398197454
  },
  "01_Homepage" : {
    "transaction" : "01_Homepage",
    "sampleCount" : 4320,
    "errorCount" : 0,
    "errorPct" : 0.0,
    "meanResTime" : 28.47662037037043,
    "medianResTime" : 21.0,
    "minResTime" : 15.0,
    "maxResTime" : 1370.0,
    "pct1ResTime" : 63.0,
    "pct2ResTime" : 66.0,
    "pct3ResTime" : 86.78999999999996,
    "throughput" : 7.25297086387584,
    "receivedKBytesPerSec" : 56.040117877041155,
    "sentKBytesPerSec" : 1.1474426561991073
  },
  "03_View_Product" : {
    "transaction" : "03_View_Product",
    "sampleCount" : 4320,
    "errorCount" : 0,
    "errorPct" : 0.0,
    "meanResTime" : 26.637731481481467,
    "medianResTime" : 20.0,
    "minResTime" : 16.0,
    "maxResTime" : 6104.0,
    "pct1ResTime" : 61.0,
    "pct2ResTime" : 65.0,
    "pct3ResTime" : 75.78999999999996,
    "throughput" : 7.254761356976243,
    "receivedKBytesPerSec" : 38.8219898880466,
    "sentKBytesPerSec" : 1.1902342851289147
  }
}