{
  "02_Login" : {
    "transaction" : "02_Login",
    "sampleCount" : 1600,
    "errorCount" : 1531,
    "errorPct" : 95.6875,
    "meanResTime" : 14342.712499999998,
    "medianResTime" : 17517.5,
    "minResTime" : 45.0,
    "maxResTime" : 26564.0,
    "pct1ResTime" : 20382.6,
    "pct2ResTime" : 21384.0,
    "pct3ResTime" : 21514.97,
    "throughput" : 15.533377344569143,
    "receivedKBytesPerSec" : 3.9309001349462154,
    "sentKBytesPerSec" : 3.5041114908158906
  },
  "05_Place_Order" : {
    "transaction" : "05_Place_Order",
    "sampleCount" : 1600,
    "errorCount" : 1591,
    "errorPct" : 99.4375,
    "meanResTime" : 15796.918750000046,
    "medianResTime" : 17689.5,
    "minResTime" : 44.0,
    "maxResTime" : 21624.0,
    "pct1ResTime" : 20445.8,
    "pct2ResTime" : 21168.6,
    "pct3ResTime" : 21440.98,
    "throughput" : 12.799692807372624,
    "receivedKBytesPerSec" : 2.583625492988168,
    "sentKBytesPerSec" : 4.1462911140132634
  },
  "Total" : {
    "transaction" : "Total",
    "sampleCount" : 8000,
    "errorCount" : 4703,
    "errorPct" : 58.7875,
    "meanResTime" : 9302.332499999997,
    "medianResTime" : 9662.0,
    "minResTime" : 23.0,
    "maxResTime" : 26564.0,
    "pct1ResTime" : 20091.800000000003,
    "pct2ResTime" : 20892.699999999997,
    "pct3ResTime" : 21448.989999999998,
    "throughput" : 62.24615240970417,
    "receivedKBytesPerSec" : 445.7303364161389,
    "sentKBytesPerSec" : 14.411549554745491
  },
  "04_Add_To_Cart" : {
    "transaction" : "04_Add_To_Cart",
    "sampleCount" : 1600,
    "errorCount" : 1581,
    "errorPct" : 98.8125,
    "meanResTime" : 16240.661249999986,
    "medianResTime" : 17575.0,
    "minResTime" : 50.0,
    "maxResTime" : 21592.0,
    "pct1ResTime" : 21041.7,
    "pct2ResTime" : 21289.95,
    "pct3ResTime" : 21471.99,
    "throughput" : 13.540503029687553,
    "receivedKBytesPerSec" : 2.6405385867311533,
    "sentKBytesPerSec" : 3.870382212433567
  },
  "01_Homepage" : {
    "transaction" : "01_Homepage",
    "sampleCount" : 1600,
    "errorCount" : 0,
    "errorPct" : 0.0,
    "meanResTime" : 75.265,
    "medianResTime" : 81.0,
    "minResTime" : 26.0,
    "maxResTime" : 657.0,
    "pct1ResTime" : 111.0,
    "pct2ResTime" : 115.0,
    "pct3ResTime" : 320.73000000000025,
    "throughput" : 18.30454181443771,
    "receivedKBytesPerSec" : 312.28953798907446,
    "sentKBytesPerSec" : 2.8958357167372157
  },
  "03_View_Product" : {
    "transaction" : "03_View_Product",
    "sampleCount" : 1600,
    "errorCount" : 0,
    "errorPct" : 0.0,
    "meanResTime" : 56.10500000000008,
    "medianResTime" : 38.0,
    "minResTime" : 23.0,
    "maxResTime" : 194.0,
    "pct1ResTime" : 112.0,
    "pct2ResTime" : 118.0,
    "pct3ResTime" : 134.0,
    "throughput" : 15.541826941757003,
    "receivedKBytesPerSec" : 281.20070137047344,
    "sentKBytesPerSec" : 2.5498309826320087
  }
}