{
  "02_Login" : {
    "transaction" : "02_Login",
    "sampleCount" : 150,
    "errorCount" : 0,
    "errorPct" : 0.0,
    "meanResTime" : 212.4866666666666,
    "medianResTime" : 172.0,
    "minResTime" : 148.0,
    "maxResTime" : 824.0,
    "pct1ResTime" : 276.6000000000001,
    "pct2ResTime" : 541.05,
    "pct3ResTime" : 822.47,
    "throughput" : 10.269752156647954,
    "receivedKBytesPerSec" : 2.5679729220868137,
    "sentKBytesPerSec" : 2.3167116681500755
  },
  "05_Place_Order" : {
    "transaction" : "05_Place_Order",
    "sampleCount" : 150,
    "errorCount" : 0,
    "errorPct" : 0.0,
    "meanResTime" : 227.15333333333325,
    "medianResTime" : 131.0,
    "minResTime" : 85.0,
    "maxResTime" : 1118.0,
    "pct1ResTime" : 706.7,
    "pct2ResTime" : 918.0499999999997,
    "pct3ResTime" : 1100.1500000000003,
    "throughput" : 10.337698139214336,
    "receivedKBytesPerSec" : 2.079654117849759,
    "sentKBytesPerSec" : 3.351675568573398
  },
  "Total" : {
    "transaction" : "Total",
    "sampleCount" : 750,
    "errorCount" : 0,
    "errorPct" : 0.0,
    "meanResTime" : 145.59600000000003,
    "medianResTime" : 107.0,
    "minResTime" : 32.0,
    "maxResTime" : 1118.0,
    "pct1ResTime" : 216.89999999999998,
    "pct2ResTime" : 498.0499999999994,
    "pct3ResTime" : 919.2100000000003,
    "throughput" : 38.860103626943,
    "receivedKBytesPerSec" : 84.59040034002591,
    "sentKBytesPerSec" : 9.001578691709843
  },
  "04_Add_To_Cart" : {
    "transaction" : "04_Add_To_Cart",
    "sampleCount" : 150,
    "errorCount" : 0,
    "errorPct" : 0.0,
    "meanResTime" : 150.29333333333338,
    "medianResTime" : 109.0,
    "minResTime" : 98.0,
    "maxResTime" : 784.0,
    "pct1ResTime" : 218.20000000000005,
    "pct2ResTime" : 509.0,
    "pct3ResTime" : 754.4200000000005,
    "throughput" : 10.32560060576857,
    "receivedKBytesPerSec" : 1.9864680852894612,
    "sentKBytesPerSec" : 2.9544931420802647
  },
  "01_Homepage" : {
    "transaction" : "01_Homepage",
    "sampleCount" : 150,
    "errorCount" : 0,
    "errorPct" : 0.0,
    "meanResTime" : 99.07333333333332,
    "medianResTime" : 88.0,
    "minResTime" : 83.0,
    "maxResTime" : 430.0,
    "pct1ResTime" : 129.70000000000002,
    "pct2ResTime" : 138.0,
    "pct3ResTime" : 426.43000000000006,
    "throughput" : 10.08267795926598,
    "receivedKBytesPerSec" : 49.37000329787591,
    "sentKBytesPerSec" : 1.5951111615245008
  },
  "03_View_Product" : {
    "transaction" : "03_View_Product",
    "sampleCount" : 150,
    "errorCount" : 0,
    "errorPct" : 0.0,
    "meanResTime" : 38.97333333333335,
    "medianResTime" : 34.0,
    "minResTime" : 32.0,
    "maxResTime" : 80.0,
    "pct1ResTime" : 76.0,
    "pct2ResTime" : 78.0,
    "pct3ResTime" : 80.0,
    "throughput" : 10.364842454394692,
    "receivedKBytesPerSec" : 55.38807157787452,
    "sentKBytesPerSec" : 1.7004819651741294
  }
}