{
  "02_Login" : {
    "transaction" : "02_Login",
    "sampleCount" : 3679,
    "errorCount" : 3662,
    "errorPct" : 99.53792,
    "meanResTime" : 26740.73443870615,
    "medianResTime" : 30714.0,
    "minResTime" : 89.0,
    "maxResTime" : 46423.0,
    "pct1ResTime" : 30969.0,
    "pct2ResTime" : 31045.0,
    "pct3ResTime" : 31203.6,
    "throughput" : 11.187811701739449,
    "receivedKBytesPerSec" : 3.484882465636784,
    "sentKBytesPerSec" : 2.523812991310364
  },
  "05_Place_Order" : {
    "transaction" : "05_Place_Order",
    "sampleCount" : 3395,
    "errorCount" : 3385,
    "errorPct" : 99.70545,
    "meanResTime" : 30762.678645066317,
    "medianResTime" : 30743.0,
    "minResTime" : 99.0,
    "maxResTime" : 66914.0,
    "pct1ResTime" : 34850.4,
    "pct2ResTime" : 40137.799999999996,
    "pct3ResTime" : 46633.32,
    "throughput" : 10.648909074940716,
    "receivedKBytesPerSec" : 2.8430866976462617,
    "sentKBytesPerSec" : 3.388250265830646
  },
  "Total" : {
    "transaction" : "Total",
    "sampleCount" : 17801,
    "errorCount" : 11535,
    "errorPct" : 64.79973,
    "meanResTime" : 19898.935453064387,
    "medianResTime" : 28286.0,
    "minResTime" : 17.0,
    "maxResTime" : 68460.0,
    "pct1ResTime" : 31106.0,
    "pct2ResTime" : 37982.0,
    "pct3ResTime" : 68262.95999999999,
    "throughput" : 53.88674127643859,
    "receivedKBytesPerSec" : 149.26614184282303,
    "sentKBytesPerSec" : 12.280465370442966
  },
  "04_Add_To_Cart" : {
    "transaction" : "04_Add_To_Cart",
    "sampleCount" : 3522,
    "errorCount" : 3502,
    "errorPct" : 99.432144,
    "meanResTime" : 29459.309767177772,
    "medianResTime" : 30748.5,
    "minResTime" : 88.0,
    "maxResTime" : 50439.0,
    "pct1ResTime" : 31063.0,
    "pct2ResTime" : 31119.85,
    "pct3ResTime" : 31188.77,
    "throughput" : 10.763992885129063,
    "receivedKBytesPerSec" : 3.0849934157645738,
    "sentKBytesPerSec" : 3.013679718491941
  },
  "01_Homepage" : {
    "transaction" : "01_Homepage",
    "sampleCount" : 3679,
    "errorCount" : 898,
    "errorPct" : 24.408806,
    "meanResTime" : 12544.408806740983,
    "medianResTime" : 42.0,
    "minResTime" : 18.0,
    "maxResTime" : 68460.0,
    "pct1ResTime" : 68026.0,
    "pct2ResTime" : 68255.0,
    "pct3ResTime" : 68405.6,
    "throughput" : 12.311100402896573,
    "receivedKBytesPerSec" : 91.60829500231732,
    "sentKBytesPerSec" : 1.9476545559269967
  },
  "03_View_Product" : {
    "transaction" : "03_View_Product",
    "sampleCount" : 3526,
    "errorCount" : 88,
    "errorPct" : 2.495746,
    "meanResTime" : 424.25553034600114,
    "medianResTime" : 21.0,
    "minResTime" : 17.0,
    "maxResTime" : 36199.0,
    "pct1ResTime" : 43.0,
    "pct2ResTime" : 69.0,
    "pct3ResTime" : 11275.46,
    "throughput" : 11.87485265887583,
    "receivedKBytesPerSec" : 63.55395276769777,
    "sentKBytesPerSec" : 1.9482180143468157
  }
}