{
  "02_Login" : {
    "transaction" : "02_Login",
    "sampleCount" : 4375,
    "errorCount" : 3,
    "errorPct" : 0.068571426,
    "meanResTime" : 272.8144000000005,
    "medianResTime" : 179.0,
    "minResTime" : 69.0,
    "maxResTime" : 2201.0,
    "pct1ResTime" : 376.0,
    "pct2ResTime" : 1100.3999999999978,
    "pct3ResTime" : 1767.2399999999998,
    "throughput" : 7.338080022810946,
    "receivedKBytesPerSec" : 1.8350064810971058,
    "sentKBytesPerSec" : 1.6553676613958286
  },
  "05_Place_Order" : {
    "transaction" : "05_Place_Order",
    "sampleCount" : 4329,
    "errorCount" : 1,
    "errorPct" : 0.023100022,
    "meanResTime" : 1347.445599445595,
    "medianResTime" : 1597.0,
    "minResTime" : 69.0,
    "maxResTime" : 2398.0,
    "pct1ResTime" : 1988.0,
    "pct2ResTime" : 2098.5,
    "pct3ResTime" : 2247.3999999999996,
    "throughput" : 7.286688874039088,
    "receivedKBytesPerSec" : 1.4662335627641614,
    "sentKBytesPerSec" : 2.3623776004802246
  },
  "Total" : {
    "transaction" : "Total",
    "sampleCount" : 21796,
    "errorCount" : 5,
    "errorPct" : 0.02293999,
    "meanResTime" : 363.98270324830384,
    "medianResTime" : 95.0,
    "minResTime" : 21.0,
    "maxResTime" : 2398.0,
    "pct1ResTime" : 1669.0,
    "pct2ResTime" : 1816.0,
    "pct3ResTime" : 2122.9900000000016,
    "throughput" : 36.38603654963683,
    "receivedKBytesPerSec" : 98.56594232245197,
    "sentKBytesPerSec" : 8.418162718836236
  },
  "04_Add_To_Cart" : {
    "transaction" : "04_Add_To_Cart",
    "sampleCount" : 4342,
    "errorCount" : 1,
    "errorPct" : 0.023030862,
    "meanResTime" : 146.79387379087945,
    "medianResTime" : 97.0,
    "minResTime" : 71.0,
    "maxResTime" : 2271.0,
    "pct1ResTime" : 198.70000000000027,
    "pct2ResTime" : 361.84999999999945,
    "pct3ResTime" : 1382.1599999999453,
    "throughput" : 7.292086524250974,
    "receivedKBytesPerSec" : 1.4031706070300953,
    "sentKBytesPerSec" : 2.0863969816438264
  },
  "01_Homepage" : {
    "transaction" : "01_Homepage",
    "sampleCount" : 4375,
    "errorCount" : 0,
    "errorPct" : 0.0,
    "meanResTime" : 32.976457142857214,
    "medianResTime" : 24.0,
    "minResTime" : 21.0,
    "maxResTime" : 366.0,
    "pct1ResTime" : 69.0,
    "pct2ResTime" : 71.0,
    "pct3ResTime" : 102.23999999999978,
    "throughput" : 7.3381169469408025,
    "receivedKBytesPerSec" : 55.053834194933096,
    "sentKBytesPerSec" : 1.160913032621494
  },
  "03_View_Product" : {
    "transaction" : "03_View_Product",
    "sampleCount" : 4375,
    "errorCount" : 0,
    "errorPct" : 0.0,
    "meanResTime" : 28.585371428571406,
    "medianResTime" : 24.0,
    "minResTime" : 21.0,
    "maxResTime" : 148.0,
    "pct1ResTime" : 59.0,
    "pct2ResTime" : 70.0,
    "pct3ResTime" : 72.0,
    "throughput" : 7.339508026485978,
    "receivedKBytesPerSec" : 39.28815055302144,
    "sentKBytesPerSec" : 1.2041380355953557
  }
}