{
  "02_Login" : {
    "transaction" : "02_Login",
    "sampleCount" : 4653,
    "errorCount" : 0,
    "errorPct" : 0.0,
    "meanResTime" : 272.471738663228,
    "medianResTime" : 84.0,
    "minResTime" : 38.0,
    "maxResTime" : 2076.0,
    "pct1ResTime" : 814.2000000000007,
    "pct2ResTime" : 1273.3000000000002,
    "pct3ResTime" : 1647.46,
    "throughput" : 7.789142407553109,
    "receivedKBytesPerSec" : 1.9473509926846009,
    "sentKBytesPerSec" : 1.7571209923288749
  },
  "05_Place_Order" : {
    "transaction" : "05_Place_Order",
    "sampleCount" : 4639,
    "errorCount" : 0,
    "errorPct" : 0.0,
    "meanResTime" : 812.5466695408514,
    "medianResTime" : 616.0,
    "minResTime" : 36.0,
    "maxResTime" : 2306.0,
    "pct1ResTime" : 1718.0,
    "pct2ResTime" : 1904.0,
    "pct3ResTime" : 2107.0,
    "throughput" : 7.813013155301952,
    "receivedKBytesPerSec" : 1.5718242949930357,
    "sentKBytesPerSec" : 2.5331253589455547
  },
  "Total" : {
    "transaction" : "Total",
    "sampleCount" : 23241,
    "errorCount" : 0,
    "errorPct" : 0.0,
    "meanResTime" : 279.0919065444681,
    "medianResTime" : 57.0,
    "minResTime" : 25.0,
    "maxResTime" : 2306.0,
    "pct1ResTime" : 981.8000000000029,
    "pct2ResTime" : 1525.9500000000007,
    "pct3ResTime" : 1972.9900000000016,
    "throughput" : 38.80076730057448,
    "receivedKBytesPerSec" : 294.7534515013365,
    "sentKBytesPerSec" : 8.983769155385046
  },
  "04_Add_To_Cart" : {
    "transaction" : "04_Add_To_Cart",
    "sampleCount" : 4639,
    "errorCount" : 0,
    "errorPct" : 0.0,
    "meanResTime" : 236.4382410002157,
    "medianResTime" : 77.0,
    "minResTime" : 45.0,
    "maxResTime" : 2143.0,
    "pct1ResTime" : 635.0,
    "pct2ResTime" : 927.0,
    "pct3ResTime" : 1542.2000000000007,
    "throughput" : 7.81353953846387,
    "receivedKBytesPerSec" : 1.503256505563294,
    "sentKBytesPerSec" : 2.235710043720619
  },
  "01_Homepage" : {
    "transaction" : "01_Homepage",
    "sampleCount" : 4671,
    "errorCount" : 0,
    "errorPct" : 0.0,
    "meanResTime" : 39.346392635409885,
    "medianResTime" : 34.0,
    "minResTime" : 25.0,
    "maxResTime" : 335.0,
    "pct1ResTime" : 42.0,
    "pct2ResTime" : 96.0,
    "pct3ResTime" : 114.0,
    "throughput" : 7.7982179794752104,
    "receivedKBytesPerSec" : 133.39996548055205,
    "sentKBytesPerSec" : 1.2337024537841643
  },
  "03_View_Product" : {
    "transaction" : "03_View_Product",
    "sampleCount" : 4639,
    "errorCount" : 0,
    "errorPct" : 0.0,
    "meanResTime" : 36.330243586980075,
    "medianResTime" : 35.0,
    "minResTime" : 26.0,
    "maxResTime" : 151.0,
    "pct1ResTime" : 40.0,
    "pct2ResTime" : 42.0,
    "pct3ResTime" : 104.0,
    "throughput" : 7.821984514527747,
    "receivedKBytesPerSec" : 157.92168191109175,
    "sentKBytesPerSec" : 1.2832943344147085
  }
}