{
  "02_Login" : {
    "transaction" : "02_Login",
    "sampleCount" : 4280,
    "errorCount" : 1,
    "errorPct" : 0.023364486,
    "meanResTime" : 423.65093457943857,
    "medianResTime" : 184.0,
    "minResTime" : 67.0,
    "maxResTime" : 2181.0,
    "pct1ResTime" : 1481.0,
    "pct2ResTime" : 1637.9499999999998,
    "pct3ResTime" : 1872.1899999999996,
    "throughput" : 7.159776775557726,
    "receivedKBytesPerSec" : 1.7901778040855896,
    "sentKBytesPerSec" : 1.615144956204917
  },
  "05_Place_Order" : {
    "transaction" : "05_Place_Order",
    "sampleCount" : 4230,
    "errorCount" : 0,
    "errorPct" : 0.0,
    "meanResTime" : 1333.1654846335684,
    "medianResTime" : 1693.0,
    "minResTime" : 72.0,
    "maxResTime" : 2508.0,
    "pct1ResTime" : 2089.0,
    "pct2ResTime" : 2174.0,
    "pct3ResTime" : 2374.379999999999,
    "throughput" : 7.142965698566848,
    "receivedKBytesPerSec" : 1.4370495541134531,
    "sentKBytesPerSec" : 2.3158487796800356
  },
  "Total" : {
    "transaction" : "Total",
    "sampleCount" : 21259,
    "errorCount" : 1,
    "errorPct" : 0.00470389,
    "meanResTime" : 398.9452467190361,
    "medianResTime" : 90.0,
    "minResTime" : 16.0,
    "maxResTime" : 2508.0,
    "pct1ResTime" : 1769.0,
    "pct2ResTime" : 1979.9500000000007,
    "pct3ResTime" : 2176.0,
    "throughput" : 35.4831764110901,
    "receivedKBytesPerSec" : 97.29902570022482,
    "sentKBytesPerSec" : 8.211625947312681
  },
  "04_Add_To_Cart" : {
    "transaction" : "04_Add_To_Cart",
    "sampleCount" : 4230,
    "errorCount" : 0,
    "errorPct" : 0.0,
    "meanResTime" : 188.11583924349912,
    "medianResTime" : 101.0,
    "minResTime" : 79.0,
    "maxResTime" : 2397.0,
    "pct1ResTime" : 300.9000000000001,
    "pct2ResTime" : 542.1499999999987,
    "pct3ResTime" : 1341.0699999999988,
    "throughput" : 7.165726482695533,
    "receivedKBytesPerSec" : 1.3786354044908609,
    "sentKBytesPerSec" : 2.050313077027325
  },
  "01_Homepage" : {
    "transaction" : "01_Homepage",
    "sampleCount" : 4280,
    "errorCount" : 0,
    "errorPct" : 0.0,
    "meanResTime" : 29.04299065420558,
    "medianResTime" : 21.0,
    "minResTime" : 16.0,
    "maxResTime" : 340.0,
    "pct1ResTime" : 64.0,
    "pct2ResTime" : 67.0,
    "pct3ResTime" : 85.0,
    "throughput" : 7.1591779657898345,
    "receivedKBytesPerSec" : 54.97404222995012,
    "sentKBytesPerSec" : 1.132604326619095
  },
  "03_View_Product" : {
    "transaction" : "03_View_Product",
    "sampleCount" : 4239,
    "errorCount" : 0,
    "errorPct" : 0.0,
    "meanResTime" : 25.625619249823078,
    "medianResTime" : 20.0,
    "minResTime" : 16.0,
    "maxResTime" : 164.0,
    "pct1ResTime" : 62.0,
    "pct2ResTime" : 65.0,
    "pct3ResTime" : 70.0,
    "throughput" : 7.11798150903223,
    "receivedKBytesPerSec" : 38.10755839244695,
    "sentKBytesPerSec" : 1.1677938413256002
  }
}