{
  "02_Login" : {
    "transaction" : "02_Login",
    "sampleCount" : 3694,
    "errorCount" : 3679,
    "errorPct" : 99.59393,
    "meanResTime" : 27713.73551705467,
    "medianResTime" : 30758.0,
    "minResTime" : 83.0,
    "maxResTime" : 32858.0,
    "pct1ResTime" : 31051.5,
    "pct2ResTime" : 31111.0,
    "pct3ResTime" : 31193.5,
    "throughput" : 11.373923110555516,
    "receivedKBytesPerSec" : 3.620922888095868,
    "sentKBytesPerSec" : 2.5657971079475823
  },
  "05_Place_Order" : {
    "transaction" : "05_Place_Order",
    "sampleCount" : 3441,
    "errorCount" : 3434,
    "errorPct" : 99.79657,
    "meanResTime" : 36968.77506538788,
    "medianResTime" : 30784.0,
    "minResTime" : 101.0,
    "maxResTime" : 136348.0,
    "pct1ResTime" : 64441.200000000004,
    "pct2ResTime" : 98999.0,
    "pct3ResTime" : 120114.33999999754,
    "throughput" : 11.281005553624937,
    "receivedKBytesPerSec" : 3.4630884949151874,
    "sentKBytesPerSec" : 3.546745554067522
  },
  "Total" : {
    "transaction" : "Total",
    "sampleCount" : 17881,
    "errorCount" : 10732,
    "errorPct" : 60.019016,
    "meanResTime" : 20629.75141211339,
    "medianResTime" : 27928.0,
    "minResTime" : 18.0,
    "maxResTime" : 136348.0,
    "pct1ResTime" : 31072.0,
    "pct2ResTime" : 50011.19999999998,
    "pct3ResTime" : 99341.0,
    "throughput" : 54.813711244765706,
    "receivedKBytesPerSec" : 154.6710781687788,
    "sentKBytesPerSec" : 12.423853546866475
  },
  "04_Add_To_Cart" : {
    "transaction" : "04_Add_To_Cart",
    "sampleCount" : 3526,
    "errorCount" : 3514,
    "errorPct" : 99.65967,
    "meanResTime" : 39234.38570618264,
    "medianResTime" : 30897.0,
    "minResTime" : 84.0,
    "maxResTime" : 135979.0,
    "pct1ResTime" : 98525.3,
    "pct2ResTime" : 99237.65,
    "pct3ResTime" : 125035.58000000061,
    "throughput" : 11.05942795845971,
    "receivedKBytesPerSec" : 4.013651873453296,
    "sentKBytesPerSec" : 3.0574462309416197
  },
  "01_Homepage" : {
    "transaction" : "01_Homepage",
    "sampleCount" : 3694,
    "errorCount" : 105,
    "errorPct" : 2.8424473,
    "meanResTime" : 236.62344342176524,
    "medianResTime" : 48.0,
    "minResTime" : 20.0,
    "maxResTime" : 68329.0,
    "pct1ResTime" : 71.5,
    "pct2ResTime" : 105.5,
    "pct3ResTime" : 5170.300000000001,
    "throughput" : 12.373219716762463,
    "receivedKBytesPerSec" : 94.00681263460984,
    "sentKBytesPerSec" : 1.9574820255034366
  },
  "03_View_Product" : {
    "transaction" : "03_View_Product",
    "sampleCount" : 3526,
    "errorCount" : 0,
    "errorPct" : 0.0,
    "meanResTime" : 23.24446965399879,
    "medianResTime" : 20.0,
    "minResTime" : 18.0,
    "maxResTime" : 930.0,
    "pct1ResTime" : 22.0,
    "pct2ResTime" : 63.0,
    "pct3ResTime" : 70.73000000000002,
    "throughput" : 12.100288951880245,
    "receivedKBytesPerSec" : 64.78545679470174,
    "sentKBytesPerSec" : 1.9852036561678528
  }
}