{
  "02_Login" : {
    "transaction" : "02_Login",
    "sampleCount" : 4289,
    "errorCount" : 5,
    "errorPct" : 0.11657729,
    "meanResTime" : 395.6453718815571,
    "medianResTime" : 182.0,
    "minResTime" : 65.0,
    "maxResTime" : 2578.0,
    "pct1ResTime" : 1433.0,
    "pct2ResTime" : 1672.0,
    "pct3ResTime" : 1964.2000000000007,
    "throughput" : 7.177497899799518,
    "receivedKBytesPerSec" : 1.7951376672002235,
    "sentKBytesPerSec" : 1.6191425926305554
  },
  "05_Place_Order" : {
    "transaction" : "05_Place_Order",
    "sampleCount" : 4281,
    "errorCount" : 0,
    "errorPct" : 0.0,
    "meanResTime" : 1312.4875029198754,
    "medianResTime" : 1670.0,
    "minResTime" : 74.0,
    "maxResTime" : 2501.0,
    "pct1ResTime" : 2094.0,
    "pct2ResTime" : 2202.0,
    "pct3ResTime" : 2387.3600000000006,
    "throughput" : 7.205954633289121,
    "receivedKBytesPerSec" : 1.4497077315045481,
    "sentKBytesPerSec" : 2.3361330058097063
  },
  "Total" : {
    "transaction" : "Total",
    "sampleCount" : 21421,
    "errorCount" : 5,
    "errorPct" : 0.023341581,
    "meanResTime" : 387.8798842257622,
    "medianResTime" : 88.0,
    "minResTime" : 16.0,
    "maxResTime" : 2578.0,
    "pct1ResTime" : 1722.0,
    "pct2ResTime" : 1911.0,
    "pct3ResTime" : 2213.0,
    "throughput" : 35.76777744197191,
    "receivedKBytesPerSec" : 97.5205450704928,
    "sentKBytesPerSec" : 8.283857880127602
  },
  "04_Add_To_Cart" : {
    "transaction" : "04_Add_To_Cart",
    "sampleCount" : 4281,
    "errorCount" : 0,
    "errorPct" : 0.0,
    "meanResTime" : 178.03807521607084,
    "medianResTime" : 95.0,
    "minResTime" : 77.0,
    "maxResTime" : 2090.0,
    "pct1ResTime" : 325.8000000000002,
    "pct2ResTime" : 468.89999999999964,
    "pct3ResTime" : 1189.4400000000023,
    "throughput" : 7.230160968615258,
    "receivedKBytesPerSec" : 1.3910312716917497,
    "sentKBytesPerSec" : 2.068604868473053
  },
  "01_Homepage" : {
    "transaction" : "01_Homepage",
    "sampleCount" : 4289,
    "errorCount" : 0,
    "errorPct" : 0.0,
    "meanResTime" : 28.721846584285384,
    "medianResTime" : 20.0,
    "minResTime" : 16.0,
    "maxResTime" : 326.0,
    "pct1ResTime" : 63.0,
    "pct2ResTime" : 65.5,
    "pct3ResTime" : 89.10000000000036,
    "throughput" : 7.197685463326878,
    "receivedKBytesPerSec" : 54.935151842172836,
    "sentKBytesPerSec" : 1.138696333065385
  },
  "03_View_Product" : {
    "transaction" : "03_View_Product",
    "sampleCount" : 4281,
    "errorCount" : 0,
    "errorPct" : 0.0,
    "meanResTime" : 25.163279607568363,
    "medianResTime" : 19.0,
    "minResTime" : 16.0,
    "maxResTime" : 109.0,
    "pct1ResTime" : 62.0,
    "pct2ResTime" : 64.0,
    "pct3ResTime" : 69.0,
    "throughput" : 7.230466256135172,
    "receivedKBytesPerSec" : 38.69674140537649,
    "sentKBytesPerSec" : 1.1862483701471767
  }
}