{
  "02_Login" : {
    "transaction" : "02_Login",
    "sampleCount" : 150,
    "errorCount" : 0,
    "errorPct" : 0.0,
    "meanResTime" : 141.95333333333323,
    "medianResTime" : 117.0,
    "minResTime" : 83.0,
    "maxResTime" : 597.0,
    "pct1ResTime" : 213.9,
    "pct2ResTime" : 323.5999999999999,
    "pct3ResTime" : 595.98,
    "throughput" : 10.221465076660987,
    "receivedKBytesPerSec" : 2.555366269165247,
    "sentKBytesPerSec" : 2.305818781942078
  },
  "05_Place_Order" : {
    "transaction" : "05_Place_Order",
    "sampleCount" : 150,
    "errorCount" : 0,
    "errorPct" : 0.0,
    "meanResTime" : 163.8400000000001,
    "medianResTime" : 91.0,
    "minResTime" : 37.0,
    "maxResTime" : 1212.0,
    "pct1ResTime" : 479.2000000000005,
    "pct2ResTime" : 697.6499999999987,
    "pct3ResTime" : 1090.6200000000022,
    "throughput" : 10.272565401999726,
    "receivedKBytesPerSec" : 2.0670862724284342,
    "sentKBytesPerSec" : 3.3305583139295987
  },
  "Total" : {
    "transaction" : "Total",
    "sampleCount" : 750,
    "errorCount" : 0,
    "errorPct" : 0.0,
    "meanResTime" : 108.78266666666669,
    "medianResTime" : 88.0,
    "minResTime" : 32.0,
    "maxResTime" : 1212.0,
    "pct1ResTime" : 160.5999999999999,
    "pct2ResTime" : 266.59999999999945,
    "pct3ResTime" : 702.3300000000011,
    "throughput" : 39.09304143862392,
    "receivedKBytesPerSec" : 135.00232114933542,
    "sentKBytesPerSec" : 9.055536551993745
  },
  "04_Add_To_Cart" : {
    "transaction" : "04_Add_To_Cart",
    "sampleCount" : 150,
    "errorCount" : 0,
    "errorPct" : 0.0,
    "meanResTime" : 89.1066666666667,
    "medianResTime" : 64.0,
    "minResTime" : 49.0,
    "maxResTime" : 557.0,
    "pct1ResTime" : 149.9,
    "pct2ResTime" : 263.0,
    "pct3ResTime" : 554.96,
    "throughput" : 10.258514567090685,
    "receivedKBytesPerSec" : 1.973561884489126,
    "sentKBytesPerSec" : 2.935297625153878
  },
  "01_Homepage" : {
    "transaction" : "01_Homepage",
    "sampleCount" : 150,
    "errorCount" : 0,
    "errorPct" : 0.0,
    "meanResTime" : 109.07333333333334,
    "medianResTime" : 103.5,
    "minResTime" : 82.0,
    "maxResTime" : 363.0,
    "pct1ResTime" : 124.9,
    "pct2ResTime" : 139.5999999999999,
    "pct3ResTime" : 358.4100000000001,
    "throughput" : 10.071845833613107,
    "receivedKBytesPerSec" : 79.56522149667629,
    "sentKBytesPerSec" : 1.5933974853958235
  },
  "03_View_Product" : {
    "transaction" : "03_View_Product",
    "sampleCount" : 150,
    "errorCount" : 0,
    "errorPct" : 0.0,
    "meanResTime" : 39.939999999999976,
    "medianResTime" : 39.0,
    "minResTime" : 32.0,
    "maxResTime" : 62.0,
    "pct1ResTime" : 49.900000000000006,
    "pct2ResTime" : 52.44999999999999,
    "pct3ResTime" : 61.49000000000001,
    "throughput" : 10.263427984946972,
    "receivedKBytesPerSec" : 89.53223892405063,
    "sentKBytesPerSec" : 1.6838436537803627
  }
}