{
  "02_Login" : {
    "transaction" : "02_Login",
    "sampleCount" : 800,
    "errorCount" : 0,
    "errorPct" : 0.0,
    "meanResTime" : 4875.622500000003,
    "medianResTime" : 5584.0,
    "minResTime" : 52.0,
    "maxResTime" : 7873.0,
    "pct1ResTime" : 7377.5,
    "pct2ResTime" : 7566.75,
    "pct3ResTime" : 7783.89,
    "throughput" : 16.23772022408054,
    "receivedKBytesPerSec" : 4.059509341763416,
    "sentKBytesPerSec" : 3.6630013396119185
  },
  "05_Place_Order" : {
    "transaction" : "05_Place_Order",
    "sampleCount" : 800,
    "errorCount" : 0,
    "errorPct" : 0.0,
    "meanResTime" : 5264.082500000002,
    "medianResTime" : 5579.5,
    "minResTime" : 89.0,
    "maxResTime" : 7822.0,
    "pct1ResTime" : 7433.0,
    "pct2ResTime" : 7563.599999999999,
    "pct3ResTime" : 7734.76,
    "throughput" : 14.53594011192674,
    "receivedKBytesPerSec" : 2.9242223272040118,
    "sentKBytesPerSec" : 4.712824333163748
  },
  "Total" : {
    "transaction" : "Total",
    "sampleCount" : 4000,
    "errorCount" : 771,
    "errorPct" : 19.275,
    "meanResTime" : 3133.90175,
    "medianResTime" : 2524.5,
    "minResTime" : 31.0,
    "maxResTime" : 7873.0,
    "pct1ResTime" : 7289.9,
    "pct2ResTime" : 7463.849999999999,
    "pct3ResTime" : 7692.99,
    "throughput" : 67.92786061203003,
    "receivedKBytesPerSec" : 220.83639362497027,
    "sentKBytesPerSec" : 15.734852087083517
  },
  "04_Add_To_Cart" : {
    "transaction" : "04_Add_To_Cart",
    "sampleCount" : 800,
    "errorCount" : 771,
    "errorPct" : 96.375,
    "meanResTime" : 5417.363750000005,
    "medianResTime" : 5566.5,
    "minResTime" : 48.0,
    "maxResTime" : 7831.0,
    "pct1ResTime" : 7400.6,
    "pct2ResTime" : 7552.75,
    "pct3ResTime" : 7726.91,
    "throughput" : 14.918136724723082,
    "receivedKBytesPerSec" : 2.869993100361765,
    "sentKBytesPerSec" : 4.268568418304554
  },
  "01_Homepage" : {
    "transaction" : "01_Homepage",
    "sampleCount" : 800,
    "errorCount" : 0,
    "errorPct" : 0.0,
    "meanResTime" : 72.53499999999995,
    "medianResTime" : 80.5,
    "minResTime" : 32.0,
    "maxResTime" : 397.0,
    "pct1ResTime" : 112.0,
    "pct2ResTime" : 123.0,
    "pct3ResTime" : 153.96000000000004,
    "throughput" : 17.903500134276253,
    "receivedKBytesPerSec" : 135.48976388360487,
    "sentKBytesPerSec" : 2.8323896696804227
  },
  "03_View_Product" : {
    "transaction" : "03_View_Product",
    "sampleCount" : 800,
    "errorCount" : 0,
    "errorPct" : 0.0,
    "meanResTime" : 39.90499999999996,
    "medianResTime" : 39.0,
    "minResTime" : 31.0,
    "maxResTime" : 88.0,
    "pct1ResTime" : 48.0,
    "pct2ResTime" : 52.0,
    "pct3ResTime" : 57.99000000000001,
    "throughput" : 16.268098259313486,
    "receivedKBytesPerSec" : 130.8585409422279,
    "sentKBytesPerSec" : 2.6689848706686186
  }
}