{
  "02_Login" : {
    "transaction" : "02_Login",
    "sampleCount" : 4789,
    "errorCount" : 1,
    "errorPct" : 0.020881185,
    "meanResTime" : 329.15598245980436,
    "medianResTime" : 274.0,
    "minResTime" : 39.0,
    "maxResTime" : 1488.0,
    "pct1ResTime" : 678.0,
    "pct2ResTime" : 854.0,
    "pct3ResTime" : 1270.300000000001,
    "throughput" : 8.023307633283407,
    "receivedKBytesPerSec" : 2.0059954261575914,
    "sentKBytesPerSec" : 1.809945374305144
  },
  "05_Place_Order" : {
    "transaction" : "05_Place_Order",
    "sampleCount" : 4739,
    "errorCount" : 0,
    "errorPct" : 0.0,
    "meanResTime" : 511.7132306393755,
    "medianResTime" : 415.0,
    "minResTime" : 34.0,
    "maxResTime" : 1999.0,
    "pct1ResTime" : 1022.0,
    "pct2ResTime" : 1380.0,
    "pct3ResTime" : 1805.800000000001,
    "throughput" : 8.013446492193696,
    "receivedKBytesPerSec" : 1.6121395037632256,
    "sentKBytesPerSec" : 2.598074927056331
  },
  "Total" : {
    "transaction" : "Total",
    "sampleCount" : 23846,
    "errorCount" : 1,
    "errorPct" : 0.0041935756,
    "meanResTime" : 246.63272666275304,
    "medianResTime" : 84.0,
    "minResTime" : 24.0,
    "maxResTime" : 1999.0,
    "pct1ResTime" : 669.0,
    "pct2ResTime" : 871.0,
    "pct3ResTime" : 1502.9800000000032,
    "throughput" : 39.813072565443804,
    "receivedKBytesPerSec" : 302.9186805893532,
    "sentKBytesPerSec" : 9.212514207177907
  },
  "04_Add_To_Cart" : {
    "transaction" : "04_Add_To_Cart",
    "sampleCount" : 4752,
    "errorCount" : 0,
    "errorPct" : 0.0,
    "meanResTime" : 320.1759259259264,
    "medianResTime" : 283.0,
    "minResTime" : 44.0,
    "maxResTime" : 1188.0,
    "pct1ResTime" : 658.0,
    "pct2ResTime" : 765.3499999999995,
    "pct3ResTime" : 938.880000000001,
    "throughput" : 7.988716274487719,
    "receivedKBytesPerSec" : 1.5369114058594004,
    "sentKBytesPerSec" : 2.2857977379173184
  },
  "01_Homepage" : {
    "transaction" : "01_Homepage",
    "sampleCount" : 4789,
    "errorCount" : 0,
    "errorPct" : 0.0,
    "meanResTime" : 37.353309667989116,
    "medianResTime" : 34.0,
    "minResTime" : 24.0,
    "maxResTime" : 321.0,
    "pct1ResTime" : 40.0,
    "pct2ResTime" : 85.0,
    "pct3ResTime" : 112.0,
    "throughput" : 8.022608713132687,
    "receivedKBytesPerSec" : 137.23843009554594,
    "sentKBytesPerSec" : 1.2692017690698196
  },
  "03_View_Product" : {
    "transaction" : "03_View_Product",
    "sampleCount" : 4777,
    "errorCount" : 0,
    "errorPct" : 0.0,
    "meanResTime" : 37.5771404647267,
    "medianResTime" : 35.0,
    "minResTime" : 25.0,
    "maxResTime" : 160.0,
    "pct1ResTime" : 41.0,
    "pct2ResTime" : 44.0,
    "pct3ResTime" : 112.0,
    "throughput" : 8.008006329962718,
    "receivedKBytesPerSec" : 161.67732735827153,
    "sentKBytesPerSec" : 1.3138135385095082
  }
}