{
  "02_Login" : {
    "transaction" : "02_Login",
    "sampleCount" : 4294,
    "errorCount" : 1,
    "errorPct" : 0.02328831,
    "meanResTime" : 386.63740102468466,
    "medianResTime" : 181.0,
    "minResTime" : 75.0,
    "maxResTime" : 2288.0,
    "pct1ResTime" : 1457.0,
    "pct2ResTime" : 1681.0,
    "pct3ResTime" : 1931.2000000000007,
    "throughput" : 7.183244671952893,
    "receivedKBytesPerSec" : 1.7959925029902306,
    "sentKBytesPerSec" : 1.6204389836143733
  },
  "05_Place_Order" : {
    "transaction" : "05_Place_Order",
    "sampleCount" : 4275,
    "errorCount" : 0,
    "errorPct" : 0.0,
    "meanResTime" : 1294.6666666666679,
    "medianResTime" : 1581.0,
    "minResTime" : 71.0,
    "maxResTime" : 2605.0,
    "pct1ResTime" : 2099.0,
    "pct2ResTime" : 2194.0,
    "pct3ResTime" : 2400.24,
    "throughput" : 7.2103951127857595,
    "receivedKBytesPerSec" : 1.4506143541256953,
    "sentKBytesPerSec" : 2.3377107011329175
  },
  "Total" : {
    "transaction" : "Total",
    "sampleCount" : 21453,
    "errorCount" : 1,
    "errorPct" : 0.004661353,
    "meanResTime" : 385.62932923134605,
    "medianResTime" : 89.0,
    "minResTime" : 16.0,
    "maxResTime" : 2605.0,
    "pct1ResTime" : 1699.9000000000015,
    "pct2ResTime" : 1977.0,
    "pct3ResTime" : 2199.0,
    "throughput" : 35.80865329885946,
    "receivedKBytesPerSec" : 97.59837030817842,
    "sentKBytesPerSec" : 8.287332551189198
  },
  "04_Add_To_Cart" : {
    "transaction" : "04_Add_To_Cart",
    "sampleCount" : 4275,
    "errorCount" : 0,
    "errorPct" : 0.0,
    "meanResTime" : 198.75181286549739,
    "medianResTime" : 100.0,
    "minResTime" : 79.0,
    "maxResTime" : 1988.0,
    "pct1ResTime" : 354.4000000000001,
    "pct2ResTime" : 464.7999999999993,
    "pct3ResTime" : 1502.159999999998,
    "throughput" : 7.234579768222679,
    "receivedKBytesPerSec" : 1.3918418557881713,
    "sentKBytesPerSec" : 2.0700142983430694
  },
  "01_Homepage" : {
    "transaction" : "01_Homepage",
    "sampleCount" : 4325,
    "errorCount" : 0,
    "errorPct" : 0.0,
    "meanResTime" : 28.38080924855499,
    "medianResTime" : 20.0,
    "minResTime" : 16.0,
    "maxResTime" : 319.0,
    "pct1ResTime" : 63.0,
    "pct2ResTime" : 65.0,
    "pct3ResTime" : 92.73999999999978,
    "throughput" : 7.226302739478837,
    "receivedKBytesPerSec" : 54.793101136492744,
    "sentKBytesPerSec" : 1.143223675581613
  },
  "03_View_Product" : {
    "transaction" : "03_View_Product",
    "sampleCount" : 4284,
    "errorCount" : 0,
    "errorPct" : 0.0,
    "meanResTime" : 24.643790849673184,
    "medianResTime" : 19.0,
    "minResTime" : 16.0,
    "maxResTime" : 106.0,
    "pct1ResTime" : 60.5,
    "pct2ResTime" : 64.0,
    "pct3ResTime" : 68.0,
    "throughput" : 7.185363595499587,
    "receivedKBytesPerSec" : 38.44445746647166,
    "sentKBytesPerSec" : 1.178848714886651
  }
}