{
  "02_Login" : {
    "transaction" : "02_Login",
    "sampleCount" : 4330,
    "errorCount" : 1,
    "errorPct" : 0.023094688,
    "meanResTime" : 352.42909930715905,
    "medianResTime" : 188.0,
    "minResTime" : 74.0,
    "maxResTime" : 2399.0,
    "pct1ResTime" : 1107.3000000000006,
    "pct2ResTime" : 1636.0,
    "pct3ResTime" : 1942.0,
    "throughput" : 7.243564435938786,
    "receivedKBytesPerSec" : 1.8110724464135153,
    "sentKBytesPerSec" : 1.6340462741229096
  },
  "05_Place_Order" : {
    "transaction" : "05_Place_Order",
    "sampleCount" : 4280,
    "errorCount" : 0,
    "errorPct" : 0.0,
    "meanResTime" : 1329.0978971962588,
    "medianResTime" : 1681.0,
    "minResTime" : 78.0,
    "maxResTime" : 2559.0,
    "pct1ResTime" : 2080.0,
    "pct2ResTime" : 2174.0,
    "pct3ResTime" : 2384.0,
    "throughput" : 7.227934955340482,
    "receivedKBytesPerSec" : 1.454156178702248,
    "sentKBytesPerSec" : 2.3433974033263696
  },
  "Total" : {
    "transaction" : "Total",
    "sampleCount" : 21508,
    "errorCount" : 1,
    "errorPct" : 0.004649433,
    "meanResTime" : 382.87892877068975,
    "medianResTime" : 95.0,
    "minResTime" : 21.0,
    "maxResTime" : 2559.0,
    "pct1ResTime" : 1769.0,
    "pct2ResTime" : 1956.0,
    "pct3ResTime" : 2182.0,
    "throughput" : 35.898240472144984,
    "receivedKBytesPerSec" : 97.61811089692608,
    "sentKBytesPerSec" : 8.308292040502355
  },
  "04_Add_To_Cart" : {
    "transaction" : "04_Add_To_Cart",
    "sampleCount" : 4282,
    "errorCount" : 0,
    "errorPct" : 0.0,
    "meanResTime" : 174.73517048108368,
    "medianResTime" : 97.0,
    "minResTime" : 84.0,
    "maxResTime" : 2374.0,
    "pct1ResTime" : 299.0,
    "pct2ResTime" : 561.0,
    "pct3ResTime" : 1744.1000000000022,
    "throughput" : 7.189847572544924,
    "receivedKBytesPerSec" : 1.383275245692304,
    "sentKBytesPerSec" : 2.05721523325867
  },
  "01_Homepage" : {
    "transaction" : "01_Homepage",
    "sampleCount" : 4330,
    "errorCount" : 0,
    "errorPct" : 0.0,
    "meanResTime" : 33.13048498845258,
    "medianResTime" : 25.0,
    "minResTime" : 21.0,
    "maxResTime" : 357.0,
    "pct1ResTime" : 70.0,
    "pct2ResTime" : 72.0,
    "pct3ResTime" : 103.0,
    "throughput" : 7.242679958852211,
    "receivedKBytesPerSec" : 54.832388882151726,
    "sentKBytesPerSec" : 1.1458146028652911
  },
  "03_View_Product" : {
    "transaction" : "03_View_Product",
    "sampleCount" : 4286,
    "errorCount" : 0,
    "errorPct" : 0.0,
    "meanResTime" : 30.035464302379793,
    "medianResTime" : 24.0,
    "minResTime" : 22.0,
    "maxResTime" : 223.0,
    "pct1ResTime" : 66.0,
    "pct2ResTime" : 70.0,
    "pct3ResTime" : 73.0,
    "throughput" : 7.198147224447501,
    "receivedKBytesPerSec" : 38.523256945389136,
    "sentKBytesPerSec" : 1.1809460290109182
  }
}