{
  "02_Login" : {
    "transaction" : "02_Login",
    "sampleCount" : 3632,
    "errorCount" : 3616,
    "errorPct" : 99.55947,
    "meanResTime" : 30388.827643171808,
    "medianResTime" : 30733.5,
    "minResTime" : 79.0,
    "maxResTime" : 136161.0,
    "pct1ResTime" : 32936.9,
    "pct2ResTime" : 36691.399999999994,
    "pct3ResTime" : 135297.01,
    "throughput" : 11.232758087462114,
    "receivedKBytesPerSec" : 3.8574913403847346,
    "sentKBytesPerSec" : 2.504649952449434
  },
  "05_Place_Order" : {
    "transaction" : "05_Place_Order",
    "sampleCount" : 3396,
    "errorCount" : 3388,
    "errorPct" : 99.76443,
    "meanResTime" : 30078.895465253252,
    "medianResTime" : 30652.5,
    "minResTime" : 115.0,
    "maxResTime" : 67362.0,
    "pct1ResTime" : 31156.9,
    "pct2ResTime" : 32523.799999999996,
    "pct3ResTime" : 49905.42999999998,
    "throughput" : 10.497000194732335,
    "receivedKBytesPerSec" : 2.7393894059427364,
    "sentKBytesPerSec" : 3.333659295880329
  },
  "Total" : {
    "transaction" : "Total",
    "sampleCount" : 17642,
    "errorCount" : 11203,
    "errorPct" : 63.50187,
    "meanResTime" : 22707.959641764093,
    "medianResTime" : 28561.5,
    "minResTime" : 17.0,
    "maxResTime" : 136525.0,
    "pct1ResTime" : 31136.0,
    "pct2ResTime" : 46110.14999999997,
    "pct3ResTime" : 135433.85,
    "throughput" : 51.449852288004855,
    "receivedKBytesPerSec" : 137.52956882824873,
    "sentKBytesPerSec" : 11.468504025990311
  },
  "04_Add_To_Cart" : {
    "transaction" : "04_Add_To_Cart",
    "sampleCount" : 3491,
    "errorCount" : 3473,
    "errorPct" : 99.48439,
    "meanResTime" : 30111.921798911477,
    "medianResTime" : 30720.0,
    "minResTime" : 85.0,
    "maxResTime" : 40491.0,
    "pct1ResTime" : 31008.0,
    "pct2ResTime" : 31052.0,
    "pct3ResTime" : 31186.0,
    "throughput" : 10.88495188919861,
    "receivedKBytesPerSec" : 2.988083086231518,
    "sentKBytesPerSec" : 3.0404527643833523
  },
  "01_Homepage" : {
    "transaction" : "01_Homepage",
    "sampleCount" : 3632,
    "errorCount" : 726,
    "errorPct" : 19.988987,
    "meanResTime" : 22814.141244493374,
    "medianResTime" : 50.0,
    "minResTime" : 19.0,
    "maxResTime" : 136525.0,
    "pct1ResTime" : 133591.4,
    "pct2ResTime" : 135131.1,
    "pct3ResTime" : 136203.77,
    "throughput" : 12.21719152600526,
    "receivedKBytesPerSec" : 85.35974065167885,
    "sentKBytesPerSec" : 1.6693796651204564
  },
  "03_View_Product" : {
    "transaction" : "03_View_Product",
    "sampleCount" : 3491,
    "errorCount" : 0,
    "errorPct" : 0.0,
    "meanResTime" : 32.0804926955028,
    "medianResTime" : 21.0,
    "minResTime" : 17.0,
    "maxResTime" : 174.0,
    "pct1ResTime" : 63.0,
    "pct2ResTime" : 84.0,
    "pct3ResTime" : 110.0,
    "throughput" : 11.866964898802765,
    "receivedKBytesPerSec" : 63.53417802104508,
    "sentKBytesPerSec" : 1.9469239287098288
  }
}