{
  "02_Login" : {
    "transaction" : "02_Login",
    "sampleCount" : 3474,
    "errorCount" : 3460,
    "errorPct" : 99.59701,
    "meanResTime" : 33285.047783534734,
    "medianResTime" : 30760.0,
    "minResTime" : 93.0,
    "maxResTime" : 135563.0,
    "pct1ResTime" : 31120.0,
    "pct2ResTime" : 92384.75,
    "pct3ResTime" : 99129.75,
    "throughput" : 9.591438936714173,
    "receivedKBytesPerSec" : 3.134470174117472,
    "sentKBytesPerSec" : 2.156842670479959
  },
  "05_Place_Order" : {
    "transaction" : "05_Place_Order",
    "sampleCount" : 3267,
    "errorCount" : 3260,
    "errorPct" : 99.785736,
    "meanResTime" : 28437.628099173515,
    "medianResTime" : 27603.0,
    "minResTime" : 98.0,
    "maxResTime" : 136256.0,
    "pct1ResTime" : 31051.4,
    "pct2ResTime" : 37930.6,
    "pct3ResTime" : 91613.48000000001,
    "throughput" : 8.973277924417918,
    "receivedKBytesPerSec" : 2.1167862113787863,
    "sentKBytesPerSec" : 2.8460356349273925
  },
  "Total" : {
    "transaction" : "Total",
    "sampleCount" : 17011,
    "errorCount" : 11827,
    "errorPct" : 69.525604,
    "meanResTime" : 26512.407030744707,
    "medianResTime" : 26176.0,
    "minResTime" : 17.0,
    "maxResTime" : 136523.0,
    "pct1ResTime" : 67944.6,
    "pct2ResTime" : 92821.79999999999,
    "pct3ResTime" : 135331.28,
    "throughput" : 43.27904053895902,
    "receivedKBytesPerSec" : 115.2029628284218,
    "sentKBytesPerSec" : 9.584739787662764
  },
  "04_Add_To_Cart" : {
    "transaction" : "04_Add_To_Cart",
    "sampleCount" : 3394,
    "errorCount" : 3379,
    "errorPct" : 99.558044,
    "meanResTime" : 33383.86004714209,
    "medianResTime" : 30702.0,
    "minResTime" : 90.0,
    "maxResTime" : 136248.0,
    "pct1ResTime" : 42048.5,
    "pct2ResTime" : 89747.75,
    "pct3ResTime" : 96134.0,
    "throughput" : 8.914687959655389,
    "receivedKBytesPerSec" : 2.377208397903971,
    "sentKBytesPerSec" : 2.469208731974942
  },
  "01_Homepage" : {
    "transaction" : "01_Homepage",
    "sampleCount" : 3476,
    "errorCount" : 1033,
    "errorPct" : 29.718067,
    "meanResTime" : 19679.9263521289,
    "medianResTime" : 42.0,
    "minResTime" : 18.0,
    "maxResTime" : 136523.0,
    "pct1ResTime" : 68374.3,
    "pct2ResTime" : 133064.55,
    "pct3ResTime" : 135859.14,
    "throughput" : 10.163356363646995,
    "receivedKBytesPerSec" : 74.28732949295788,
    "sentKBytesPerSec" : 1.511661289190762
  },
  "03_View_Product" : {
    "transaction" : "03_View_Product",
    "sampleCount" : 3400,
    "errorCount" : 695,
    "errorPct" : 20.441177,
    "meanResTime" : 17868.330588235283,
    "medianResTime" : 21.0,
    "minResTime" : 17.0,
    "maxResTime" : 136475.0,
    "pct1ResTime" : 132835.8,
    "pct2ResTime" : 134359.3,
    "pct3ResTime" : 136027.99,
    "throughput" : 9.380397177052238,
    "receivedKBytesPerSec" : 47.07503125793195,
    "sentKBytesPerSec" : 1.359726506243482
  }
}