{
  "02_Login" : {
    "transaction" : "02_Login",
    "sampleCount" : 4477,
    "errorCount" : 1,
    "errorPct" : 0.022336386,
    "meanResTime" : 416.3435336162609,
    "medianResTime" : 181.0,
    "minResTime" : 74.0,
    "maxResTime" : 1682.0,
    "pct1ResTime" : 990.0,
    "pct2ResTime" : 1117.199999999999,
    "pct3ResTime" : 1433.280000000006,
    "throughput" : 7.541709341814458,
    "receivedKBytesPerSec" : 1.885649419063494,
    "sentKBytesPerSec" : 1.7013035722257224
  },
  "05_Place_Order" : {
    "transaction" : "05_Place_Order",
    "sampleCount" : 4477,
    "errorCount" : 0,
    "errorPct" : 0.0,
    "meanResTime" : 824.0017869108775,
    "medianResTime" : 972.0,
    "minResTime" : 73.0,
    "maxResTime" : 1766.0,
    "pct1ResTime" : 1302.0,
    "pct2ResTime" : 1400.0,
    "pct3ResTime" : 1587.2200000000003,
    "throughput" : 7.521373839327865,
    "receivedKBytesPerSec" : 1.5132332530991859,
    "sentKBytesPerSec" : 2.4385359712811874
  },
  "Total" : {
    "transaction" : "Total",
    "sampleCount" : 22403,
    "errorCount" : 1,
    "errorPct" : 0.004463688,
    "meanResTime" : 328.29125563540777,
    "medianResTime" : 96.0,
    "minResTime" : 16.0,
    "maxResTime" : 1766.0,
    "pct1ResTime" : 1080.0,
    "pct2ResTime" : 1217.0,
    "pct3ResTime" : 1422.0,
    "throughput" : 37.35371061086814,
    "receivedKBytesPerSec" : 102.92440342368025,
    "sentKBytesPerSec" : 8.650362823841647
  },
  "04_Add_To_Cart" : {
    "transaction" : "04_Add_To_Cart",
    "sampleCount" : 4477,
    "errorCount" : 0,
    "errorPct" : 0.0,
    "meanResTime" : 349.31047576502186,
    "medianResTime" : 180.0,
    "minResTime" : 80.0,
    "maxResTime" : 1637.0,
    "pct1ResTime" : 776.0,
    "pct2ResTime" : 880.0,
    "pct3ResTime" : 1163.0,
    "throughput" : 7.537887270112959,
    "receivedKBytesPerSec" : 1.4502257225352018,
    "sentKBytesPerSec" : 2.15680071184376
  },
  "01_Homepage" : {
    "transaction" : "01_Homepage",
    "sampleCount" : 4495,
    "errorCount" : 0,
    "errorPct" : 0.0,
    "meanResTime" : 27.73748609566177,
    "medianResTime" : 20.0,
    "minResTime" : 16.0,
    "maxResTime" : 284.0,
    "pct1ResTime" : 63.0,
    "pct2ResTime" : 65.0,
    "pct3ResTime" : 77.15999999999985,
    "throughput" : 7.516093972075914,
    "receivedKBytesPerSec" : 58.342208205313106,
    "sentKBytesPerSec" : 1.1890695541760723
  },
  "03_View_Product" : {
    "transaction" : "03_View_Product",
    "sampleCount" : 4477,
    "errorCount" : 0,
    "errorPct" : 0.0,
    "meanResTime" : 25.271387089568886,
    "medianResTime" : 20.0,
    "minResTime" : 16.0,
    "maxResTime" : 109.0,
    "pct1ResTime" : 61.0,
    "pct2ResTime" : 64.0,
    "pct3ResTime" : 69.0,
    "throughput" : 7.542929156782402,
    "receivedKBytesPerSec" : 40.361849892003185,
    "sentKBytesPerSec" : 1.237511814784613
  }
}