{
  "02_Login" : {
    "transaction" : "02_Login",
    "sampleCount" : 800,
    "errorCount" : 0,
    "errorPct" : 0.0,
    "meanResTime" : 5916.919999999997,
    "medianResTime" : 7309.5,
    "minResTime" : 91.0,
    "maxResTime" : 11035.0,
    "pct1ResTime" : 9297.7,
    "pct2ResTime" : 9612.5,
    "pct3ResTime" : 10047.630000000001,
    "throughput" : 13.798575297100573,
    "receivedKBytesPerSec" : 3.4497112001310866,
    "sentKBytesPerSec" : 3.112764544560774
  },
  "05_Place_Order" : {
    "transaction" : "05_Place_Order",
    "sampleCount" : 800,
    "errorCount" : 0,
    "errorPct" : 0.0,
    "meanResTime" : 6819.168750000004,
    "medianResTime" : 7479.5,
    "minResTime" : 83.0,
    "maxResTime" : 10142.0,
    "pct1ResTime" : 9487.9,
    "pct2ResTime" : 9715.75,
    "pct3ResTime" : 10044.91,
    "throughput" : 12.254151093682985,
    "receivedKBytesPerSec" : 2.4651905520495063,
    "sentKBytesPerSec" : 3.9730255499050298
  },
  "Total" : {
    "transaction" : "Total",
    "sampleCount" : 4000,
    "errorCount" : 760,
    "errorPct" : 19.0,
    "meanResTime" : 3889.432249999999,
    "medianResTime" : 3029.0,
    "minResTime" : 17.0,
    "maxResTime" : 11035.0,
    "pct1ResTime" : 9233.0,
    "pct2ResTime" : 9527.9,
    "pct3ResTime" : 9981.96,
    "throughput" : 57.734220515855256,
    "receivedKBytesPerSec" : 125.77645197054112,
    "sentKBytesPerSec" : 13.373590924180535
  },
  "04_Add_To_Cart" : {
    "transaction" : "04_Add_To_Cart",
    "sampleCount" : 800,
    "errorCount" : 760,
    "errorPct" : 95.0,
    "meanResTime" : 6640.230000000001,
    "medianResTime" : 7298.0,
    "minResTime" : 85.0,
    "maxResTime" : 10150.0,
    "pct1ResTime" : 9550.2,
    "pct2ResTime" : 9775.85,
    "pct3ResTime" : 10002.89,
    "throughput" : 12.661834066664555,
    "receivedKBytesPerSec" : 2.43591924915324,
    "sentKBytesPerSec" : 3.622966192903042
  },
  "01_Homepage" : {
    "transaction" : "01_Homepage",
    "sampleCount" : 800,
    "errorCount" : 0,
    "errorPct" : 0.0,
    "meanResTime" : 45.221249999999976,
    "medianResTime" : 50.0,
    "minResTime" : 17.0,
    "maxResTime" : 501.0,
    "pct1ResTime" : 61.0,
    "pct2ResTime" : 67.0,
    "pct3ResTime" : 361.5800000000004,
    "throughput" : 15.554821022340612,
    "receivedKBytesPerSec" : 76.17128637762245,
    "sentKBytesPerSec" : 2.4608212945499797
  },
  "03_View_Product" : {
    "transaction" : "03_View_Product",
    "sampleCount" : 800,
    "errorCount" : 0,
    "errorPct" : 0.0,
    "meanResTime" : 25.62124999999997,
    "medianResTime" : 21.0,
    "minResTime" : 17.0,
    "maxResTime" : 271.0,
    "pct1ResTime" : 32.0,
    "pct2ResTime" : 64.0,
    "pct3ResTime" : 70.99000000000001,
    "throughput" : 13.824805156652324,
    "receivedKBytesPerSec" : 73.99306748125011,
    "sentKBytesPerSec" : 2.268132096013272
  }
}