{
  "02_Login" : {
    "transaction" : "02_Login",
    "sampleCount" : 3684,
    "errorCount" : 3635,
    "errorPct" : 98.66992,
    "meanResTime" : 25629.888707926162,
    "medianResTime" : 25196.0,
    "minResTime" : 86.0,
    "maxResTime" : 136598.0,
    "pct1ResTime" : 30875.0,
    "pct2ResTime" : 32472.5,
    "pct3ResTime" : 136175.9,
    "throughput" : 11.580499243998352,
    "receivedKBytesPerSec" : 3.5155157157182333,
    "sentKBytesPerSec" : 2.572687063255805
  },
  "05_Place_Order" : {
    "transaction" : "05_Place_Order",
    "sampleCount" : 3491,
    "errorCount" : 3473,
    "errorPct" : 99.48439,
    "meanResTime" : 26762.225723288426,
    "medianResTime" : 26866.0,
    "minResTime" : 82.0,
    "maxResTime" : 94715.0,
    "pct1ResTime" : 30420.2,
    "pct2ResTime" : 30739.8,
    "pct3ResTime" : 35860.31999999999,
    "throughput" : 11.064450184618797,
    "receivedKBytesPerSec" : 2.2809248866931844,
    "sentKBytesPerSec" : 3.5628629977972524
  },
  "Total" : {
    "transaction" : "Total",
    "sampleCount" : 18096,
    "errorCount" : 12074,
    "errorPct" : 66.721924,
    "meanResTime" : 20360.928603006203,
    "medianResTime" : 23969.0,
    "minResTime" : 17.0,
    "maxResTime" : 136598.0,
    "pct1ResTime" : 30731.0,
    "pct2ResTime" : 36097.45,
    "pct3ResTime" : 135749.0,
    "throughput" : 56.30629929834933,
    "receivedKBytesPerSec" : 147.3279620091557,
    "sentKBytesPerSec" : 12.64183606694463
  },
  "04_Add_To_Cart" : {
    "transaction" : "04_Add_To_Cart",
    "sampleCount" : 3618,
    "errorCount" : 3596,
    "errorPct" : 99.39193,
    "meanResTime" : 26184.845771144235,
    "medianResTime" : 26976.0,
    "minResTime" : 88.0,
    "maxResTime" : 93903.0,
    "pct1ResTime" : 30696.1,
    "pct2ResTime" : 30848.0,
    "pct3ResTime" : 35648.96,
    "throughput" : 11.441148289045527,
    "receivedKBytesPerSec" : 2.35529728249011,
    "sentKBytesPerSec" : 3.2481426020706645
  },
  "01_Homepage" : {
    "transaction" : "01_Homepage",
    "sampleCount" : 3685,
    "errorCount" : 1155,
    "errorPct" : 31.343283,
    "meanResTime" : 22738.55712347352,
    "medianResTime" : 42.0,
    "minResTime" : 17.0,
    "maxResTime" : 136573.0,
    "pct1ResTime" : 134066.2,
    "pct2ResTime" : 135367.3,
    "pct3ResTime" : 136339.14,
    "throughput" : 12.308730346949206,
    "receivedKBytesPerSec" : 84.85202136345494,
    "sentKBytesPerSec" : 1.668794842525077
  },
  "03_View_Product" : {
    "transaction" : "03_View_Product",
    "sampleCount" : 3618,
    "errorCount" : 215,
    "errorPct" : 5.9425097,
    "meanResTime" : 573.6785516860133,
    "medianResTime" : 22.0,
    "minResTime" : 17.0,
    "maxResTime" : 68423.0,
    "pct1ResTime" : 68.0,
    "pct2ResTime" : 1115.099999999994,
    "pct3ResTime" : 15871.969999999998,
    "throughput" : 12.257467806360467,
    "receivedKBytesPerSec" : 65.60042307617384,
    "sentKBytesPerSec" : 2.0109908119810145
  }
}