{
  "02_Login" : {
    "transaction" : "02_Login",
    "sampleCount" : 3879,
    "errorCount" : 3789,
    "errorPct" : 97.67982,
    "meanResTime" : 6809.424851765916,
    "medianResTime" : 7067.0,
    "minResTime" : 49.0,
    "maxResTime" : 9373.0,
    "pct1ResTime" : 8236.0,
    "pct2ResTime" : 8591.0,
    "pct3ResTime" : 8964.8,
    "throughput" : 12.692564428098372,
    "receivedKBytesPerSec" : 3.173141107024593,
    "sentKBytesPerSec" : 2.8632640457917224
  },
  "05_Place_Order" : {
    "transaction" : "05_Place_Order",
    "sampleCount" : 3691,
    "errorCount" : 3629,
    "errorPct" : 98.32024,
    "meanResTime" : 7075.56705499866,
    "medianResTime" : 7186.0,
    "minResTime" : 49.0,
    "maxResTime" : 9407.0,
    "pct1ResTime" : 8375.0,
    "pct2ResTime" : 8686.8,
    "pct3ResTime" : 9032.16,
    "throughput" : 12.15036029719169,
    "receivedKBytesPerSec" : 2.4443236218508972,
    "sentKBytesPerSec" : 3.9393746276051185
  },
  "Total" : {
    "transaction" : "Total",
    "sampleCount" : 18996,
    "errorCount" : 11123,
    "errorPct" : 58.554432,
    "meanResTime" : 4172.2108865024575,
    "medianResTime" : 6148.5,
    "minResTime" : 23.0,
    "maxResTime" : 9407.0,
    "pct1ResTime" : 8057.0,
    "pct2ResTime" : 8419.299999999996,
    "pct3ResTime" : 8935.0,
    "throughput" : 61.97109581443904,
    "receivedKBytesPerSec" : 393.478669629604,
    "sentKBytesPerSec" : 14.299626948218773
  },
  "04_Add_To_Cart" : {
    "transaction" : "04_Add_To_Cart",
    "sampleCount" : 3766,
    "errorCount" : 3705,
    "errorPct" : 98.38024,
    "meanResTime" : 6995.758364312258,
    "medianResTime" : 7169.5,
    "minResTime" : 50.0,
    "maxResTime" : 9398.0,
    "pct1ResTime" : 8373.3,
    "pct2ResTime" : 8667.65,
    "pct3ResTime" : 9057.869999999997,
    "throughput" : 12.3796061930903,
    "receivedKBytesPerSec" : 2.3816362977055325,
    "sentKBytesPerSec" : 3.5422115376713457
  },
  "01_Homepage" : {
    "transaction" : "01_Homepage",
    "sampleCount" : 3886,
    "errorCount" : 0,
    "errorPct" : 0.0,
    "meanResTime" : 59.923829130211004,
    "medianResTime" : 40.0,
    "minResTime" : 26.0,
    "maxResTime" : 399.0,
    "pct1ResTime" : 109.0,
    "pct2ResTime" : 115.0,
    "pct3ResTime" : 131.0,
    "throughput" : 12.97816488882061,
    "receivedKBytesPerSec" : 193.13309569810238,
    "sentKBytesPerSec" : 2.053186242176698
  },
  "03_View_Product" : {
    "transaction" : "03_View_Product",
    "sampleCount" : 3774,
    "errorCount" : 0,
    "errorPct" : 0.0,
    "meanResTime" : 38.88473767885532,
    "medianResTime" : 37.0,
    "minResTime" : 23.0,
    "maxResTime" : 180.0,
    "pct1ResTime" : 44.0,
    "pct2ResTime" : 49.0,
    "pct3ResTime" : 104.0,
    "throughput" : 12.67548868139988,
    "receivedKBytesPerSec" : 202.68405123282898,
    "sentKBytesPerSec" : 2.0795723617921675
  }
}