{
  "02_Login" : {
    "transaction" : "02_Login",
    "sampleCount" : 3711,
    "errorCount" : 3693,
    "errorPct" : 99.51495,
    "meanResTime" : 25974.3519267044,
    "medianResTime" : 26434.0,
    "minResTime" : 82.0,
    "maxResTime" : 134547.0,
    "pct1ResTime" : 31075.2,
    "pct2ResTime" : 39507.399999999994,
    "pct3ResTime" : 93257.00000000001,
    "throughput" : 11.872236689722246,
    "receivedKBytesPerSec" : 3.3306061806972984,
    "sentKBytesPerSec" : 2.659445577383885
  },
  "05_Place_Order" : {
    "transaction" : "05_Place_Order",
    "sampleCount" : 3581,
    "errorCount" : 3566,
    "errorPct" : 99.58112,
    "meanResTime" : 26627.863725216404,
    "medianResTime" : 28126.0,
    "minResTime" : 115.0,
    "maxResTime" : 53028.0,
    "pct1ResTime" : 30807.0,
    "pct2ResTime" : 30950.9,
    "pct3ResTime" : 32905.19999999974,
    "throughput" : 11.741676557960798,
    "receivedKBytesPerSec" : 2.5303363190286636,
    "sentKBytesPerSec" : 3.78858168268947
  },
  "Total" : {
    "transaction" : "Total",
    "sampleCount" : 18383,
    "errorCount" : 11592,
    "errorPct" : 63.05826,
    "meanResTime" : 19555.981885437683,
    "medianResTime" : 22978.0,
    "minResTime" : 17.0,
    "maxResTime" : 136516.0,
    "pct1ResTime" : 30882.0,
    "pct2ResTime" : 36119.59999999993,
    "pct3ResTime" : 134023.88,
    "throughput" : 58.603375998214766,
    "receivedKBytesPerSec" : 156.97775908754005,
    "sentKBytesPerSec" : 13.331795830211837
  },
  "04_Add_To_Cart" : {
    "transaction" : "04_Add_To_Cart",
    "sampleCount" : 3687,
    "errorCount" : 3668,
    "errorPct" : 99.48467,
    "meanResTime" : 27891.5278003797,
    "medianResTime" : 30287.0,
    "minResTime" : 87.0,
    "maxResTime" : 45597.0,
    "pct1ResTime" : 30908.0,
    "pct2ResTime" : 31035.2,
    "pct3ResTime" : 31124.36,
    "throughput" : 11.892742749684698,
    "receivedKBytesPerSec" : 2.763500421140826,
    "sentKBytesPerSec" : 3.384054401758268
  },
  "01_Homepage" : {
    "transaction" : "01_Homepage",
    "sampleCount" : 3715,
    "errorCount" : 665,
    "errorPct" : 17.900404,
    "meanResTime" : 17443.759623149363,
    "medianResTime" : 48.0,
    "minResTime" : 18.0,
    "maxResTime" : 136516.0,
    "pct1ResTime" : 72143.2,
    "pct2ResTime" : 133782.4,
    "pct3ResTime" : 136146.52000000002,
    "throughput" : 12.393620037964844,
    "receivedKBytesPerSec" : 89.50182231981712,
    "sentKBytesPerSec" : 1.8044860046338462
  },
  "03_View_Product" : {
    "transaction" : "03_View_Product",
    "sampleCount" : 3689,
    "errorCount" : 0,
    "errorPct" : 0.0,
    "meanResTime" : 30.573326104635388,
    "medianResTime" : 21.0,
    "minResTime" : 17.0,
    "maxResTime" : 118.0,
    "pct1ResTime" : 48.0,
    "pct2ResTime" : 64.0,
    "pct3ResTime" : 92.0,
    "throughput" : 12.397624656788448,
    "receivedKBytesPerSec" : 66.35294482443699,
    "sentKBytesPerSec" : 2.0339852952543547
  }
}