{
  "02_Login" : {
    "transaction" : "02_Login",
    "sampleCount" : 3950,
    "errorCount" : 3837,
    "errorPct" : 97.139244,
    "meanResTime" : 6672.2759493670965,
    "medianResTime" : 6992.0,
    "minResTime" : 81.0,
    "maxResTime" : 8838.0,
    "pct1ResTime" : 7795.700000000001,
    "pct2ResTime" : 8021.0,
    "pct3ResTime" : 8394.98,
    "throughput" : 12.939407538924685,
    "receivedKBytesPerSec" : 3.2351429958086144,
    "sentKBytesPerSec" : 2.918948380362893
  },
  "05_Place_Order" : {
    "transaction" : "05_Place_Order",
    "sampleCount" : 3747,
    "errorCount" : 3692,
    "errorPct" : 98.53216,
    "meanResTime" : 6966.049639711756,
    "medianResTime" : 7085.0,
    "minResTime" : 82.0,
    "maxResTime" : 8934.0,
    "pct1ResTime" : 7924.200000000001,
    "pct2ResTime" : 8140.4,
    "pct3ResTime" : 8439.52,
    "throughput" : 12.350684281306858,
    "receivedKBytesPerSec" : 2.484610314403528,
    "sentKBytesPerSec" : 4.004255822447789
  },
  "Total" : {
    "transaction" : "Total",
    "sampleCount" : 19338,
    "errorCount" : 11301,
    "errorPct" : 58.439342,
    "meanResTime" : 4083.655238390716,
    "medianResTime" : 6459.0,
    "minResTime" : 17.0,
    "maxResTime" : 8941.0,
    "pct1ResTime" : 7619.0,
    "pct2ResTime" : 7939.0,
    "pct3ResTime" : 8385.220000000001,
    "throughput" : 63.15150090132455,
    "receivedKBytesPerSec" : 138.61259864870712,
    "sentKBytesPerSec" : 14.56788646535452
  },
  "04_Add_To_Cart" : {
    "transaction" : "04_Add_To_Cart",
    "sampleCount" : 3837,
    "errorCount" : 3770,
    "errorPct" : 98.253845,
    "meanResTime" : 6847.005994266357,
    "medianResTime" : 7053.0,
    "minResTime" : 86.0,
    "maxResTime" : 8941.0,
    "pct1ResTime" : 7896.0,
    "pct2ResTime" : 8169.1,
    "pct3ResTime" : 8495.0,
    "throughput" : 12.616564296142363,
    "receivedKBytesPerSec" : 2.4272229676464203,
    "sentKBytesPerSec" : 3.6099423826712127
  },
  "01_Homepage" : {
    "transaction" : "01_Homepage",
    "sampleCount" : 3957,
    "errorCount" : 2,
    "errorPct" : 0.05054334,
    "meanResTime" : 36.1233257518323,
    "medianResTime" : 22.0,
    "minResTime" : 17.0,
    "maxResTime" : 1952.0,
    "pct1ResTime" : 58.0,
    "pct2ResTime" : 65.0,
    "pct3ResTime" : 99.0,
    "throughput" : 13.213034723868612,
    "receivedKBytesPerSec" : 64.69320825868932,
    "sentKBytesPerSec" : 2.0903433840495267
  },
  "03_View_Product" : {
    "transaction" : "03_View_Product",
    "sampleCount" : 3847,
    "errorCount" : 0,
    "errorPct" : 0.0,
    "meanResTime" : 25.356121653236347,
    "medianResTime" : 21.0,
    "minResTime" : 17.0,
    "maxResTime" : 270.0,
    "pct1ResTime" : 50.0,
    "pct2ResTime" : 64.0,
    "pct3ResTime" : 69.0,
    "throughput" : 12.911995703832986,
    "receivedKBytesPerSec" : 69.1136166258307,
    "sentKBytesPerSec" : 2.1183742951600992
  }
}