{
  "02_Login" : {
    "transaction" : "02_Login",
    "sampleCount" : 4318,
    "errorCount" : 2,
    "errorPct" : 0.04631774,
    "meanResTime" : 457.1912922649375,
    "medianResTime" : 189.0,
    "minResTime" : 74.0,
    "maxResTime" : 2815.0,
    "pct1ResTime" : 1330.1,
    "pct2ResTime" : 1480.0,
    "pct3ResTime" : 1831.8100000000004,
    "throughput" : 7.204002742793077,
    "receivedKBytesPerSec" : 1.8013493480444251,
    "sentKBytesPerSec" : 1.6251217124855477
  },
  "05_Place_Order" : {
    "transaction" : "05_Place_Order",
    "sampleCount" : 4278,
    "errorCount" : 0,
    "errorPct" : 0.0,
    "meanResTime" : 1093.2858812529223,
    "medianResTime" : 1216.0,
    "minResTime" : 74.0,
    "maxResTime" : 2833.0,
    "pct1ResTime" : 1799.0,
    "pct2ResTime" : 1887.0499999999997,
    "pct3ResTime" : 2102.63,
    "throughput" : 7.209314474746334,
    "receivedKBytesPerSec" : 1.4503837215768816,
    "sentKBytesPerSec" : 2.3373258075510743
  },
  "Total" : {
    "transaction" : "Total",
    "sampleCount" : 21501,
    "errorCount" : 2,
    "errorPct" : 0.0093018925,
    "meanResTime" : 384.76559229803166,
    "medianResTime" : 106.0,
    "minResTime" : 16.0,
    "maxResTime" : 2833.0,
    "pct1ResTime" : 1416.0,
    "pct2ResTime" : 1698.0,
    "pct3ResTime" : 1908.9800000000032,
    "throughput" : 35.790440901078156,
    "receivedKBytesPerSec" : 97.88846577417367,
    "sentKBytesPerSec" : 8.283350965027708
  },
  "04_Add_To_Cart" : {
    "transaction" : "04_Add_To_Cart",
    "sampleCount" : 4287,
    "errorCount" : 0,
    "errorPct" : 0.0,
    "meanResTime" : 325.16445066479935,
    "medianResTime" : 252.0,
    "minResTime" : 80.0,
    "maxResTime" : 2776.0,
    "pct1ResTime" : 582.4000000000005,
    "pct2ResTime" : 1000.0,
    "pct3ResTime" : 1892.3599999999997,
    "throughput" : 7.178139075398088,
    "receivedKBytesPerSec" : 1.3809702056787168,
    "sentKBytesPerSec" : 2.0538291754223663
  },
  "01_Homepage" : {
    "transaction" : "01_Homepage",
    "sampleCount" : 4326,
    "errorCount" : 0,
    "errorPct" : 0.0,
    "meanResTime" : 28.143088303282454,
    "medianResTime" : 20.0,
    "minResTime" : 16.0,
    "maxResTime" : 330.0,
    "pct1ResTime" : 62.30000000000018,
    "pct2ResTime" : 65.0,
    "pct3ResTime" : 91.0,
    "throughput" : 7.225329741267723,
    "receivedKBytesPerSec" : 55.24736623494515,
    "sentKBytesPerSec" : 1.1430697442239952
  },
  "03_View_Product" : {
    "transaction" : "03_View_Product",
    "sampleCount" : 4292,
    "errorCount" : 0,
    "errorPct" : 0.0,
    "meanResTime" : 24.67124883504192,
    "medianResTime" : 19.0,
    "minResTime" : 16.0,
    "maxResTime" : 128.0,
    "pct1ResTime" : 61.0,
    "pct2ResTime" : 64.0,
    "pct3ResTime" : 67.0,
    "throughput" : 7.195583400533466,
    "receivedKBytesPerSec" : 38.49769602914279,
    "sentKBytesPerSec" : 1.1805254016500217
  }
}